2025-11-18 20:50:20 - chatbot_middleware - INFO - configure_logging:91 - Sistema de logging configurado com nível: INFO
2025-11-18 20:50:20 - chatbot_middleware - INFO - <module>:94 - Iniciando servidor na porta 8012
2025-11-18 20:50:22 - chatbot_middleware - INFO - configure_logging:91 - Sistema de logging configurado com nível: INFO
2025-11-18 20:50:23 - chatbot_middleware - INFO - configure_logging:91 - Sistema de logging configurado com nível: INFO
2025-11-18 20:50:23 - uvicorn.error - INFO - _serve:82 - Started server process [21660]
2025-11-18 20:50:23 - uvicorn.error - INFO - startup:48 - Waiting for application startup.
2025-11-18 20:50:23 - chatbot_middleware - INFO - startup_event:69 - Iniciando Chatbot Middleware API...
2025-11-18 20:50:24 - chatbot_middleware - INFO - startup_event:74 - Banco de dados inicializado com sucesso
2025-11-18 20:50:24 - chatbot_middleware - INFO - startup_event:78 - Chatbot Middleware API iniciada com sucesso!
2025-11-18 20:50:24 - chatbot_middleware - INFO - startup_event:69 - Iniciando Chatbot Middleware API...
2025-11-18 20:50:24 - chatbot_middleware - INFO - startup_event:74 - Banco de dados inicializado com sucesso
2025-11-18 20:50:24 - chatbot_middleware - INFO - startup_event:78 - Chatbot Middleware API iniciada com sucesso!
2025-11-18 20:50:24 - uvicorn.error - INFO - startup:62 - Application startup complete.
2025-11-18 20:50:47 - chatbot_middleware - INFO - configure_logging:91 - Sistema de logging configurado com nível: INFO
2025-11-18 20:50:47 - uvicorn.error - INFO - _serve:82 - Started server process [30020]
2025-11-18 20:50:47 - uvicorn.error - INFO - startup:48 - Waiting for application startup.
2025-11-18 20:50:47 - chatbot_middleware - INFO - startup_event:69 - Iniciando Chatbot Middleware API...
2025-11-18 20:50:47 - chatbot_middleware - INFO - startup_event:74 - Banco de dados inicializado com sucesso
2025-11-18 20:50:47 - chatbot_middleware - INFO - startup_event:78 - Chatbot Middleware API iniciada com sucesso!
2025-11-18 20:50:47 - uvicorn.error - INFO - startup:62 - Application startup complete.
2025-11-18 23:13:32 - uvicorn.error - ERROR - run_asgi:416 - Exception in ASGI application
Traceback (most recent call last):
  File "D:\Projetos_repositorio\gitLabRepo\homebroker2025\homebroker-python\services\7_artificial_intelligence_service\venv\Lib\site-packages\uvicorn\protocols\http\httptools_impl.py", line 411, in run_asgi
    result = await app(  # type: ignore[func-returns-value]
             ^^^^^^^^^^^^^^^^^^^^^^^^^^^^^^^^^^^^^^^^^^^^^^
        self.scope, self.receive, self.send
        ^^^^^^^^^^^^^^^^^^^^^^^^^^^^^^^^^^^
    )
    ^
  File "D:\Projetos_repositorio\gitLabRepo\homebroker2025\homebroker-python\services\7_artificial_intelligence_service\venv\Lib\site-packages\uvicorn\middleware\proxy_headers.py", line 69, in __call__
    return await self.app(scope, receive, send)
           ^^^^^^^^^^^^^^^^^^^^^^^^^^^^^^^^^^^^
  File "D:\Projetos_repositorio\gitLabRepo\homebroker2025\homebroker-python\services\7_artificial_intelligence_service\venv\Lib\site-packages\engineio\async_drivers\asgi.py", line 75, in __call__
    await self.other_asgi_app(scope, receive, send)
  File "D:\Projetos_repositorio\gitLabRepo\homebroker2025\homebroker-python\services\7_artificial_intelligence_service\venv\Lib\site-packages\fastapi\applications.py", line 1054, in __call__
    await super().__call__(scope, receive, send)
  File "D:\Projetos_repositorio\gitLabRepo\homebroker2025\homebroker-python\services\7_artificial_intelligence_service\venv\Lib\site-packages\starlette\applications.py", line 123, in __call__
    await self.middleware_stack(scope, receive, send)
  File "D:\Projetos_repositorio\gitLabRepo\homebroker2025\homebroker-python\services\7_artificial_intelligence_service\venv\Lib\site-packages\starlette\middleware\errors.py", line 186, in __call__
    raise exc
  File "D:\Projetos_repositorio\gitLabRepo\homebroker2025\homebroker-python\services\7_artificial_intelligence_service\venv\Lib\site-packages\starlette\middleware\errors.py", line 164, in __call__
    await self.app(scope, receive, _send)
  File "D:\Projetos_repositorio\gitLabRepo\homebroker2025\homebroker-python\services\7_artificial_intelligence_service\venv\Lib\site-packages\starlette\middleware\cors.py", line 85, in __call__
    await self.app(scope, receive, send)
  File "D:\Projetos_repositorio\gitLabRepo\homebroker2025\homebroker-python\services\7_artificial_intelligence_service\venv\Lib\site-packages\starlette\middleware\base.py", line 191, in __call__
    response = await self.dispatch_func(request, call_next)
               ^^^^^^^^^^^^^^^^^^^^^^^^^^^^^^^^^^^^^^^^^^^^
  File "D:\Projetos_repositorio\gitLabRepo\homebroker2025\homebroker-python\services\7_artificial_intelligence_service\middleware\tracking_middleware.py", line 75, in dispatch
    transaction = TransactionService.create_transaction(
        user_id=user_id,
    ...<4 lines>...
        endpoint=endpoint
    )
  File "D:\Projetos_repositorio\gitLabRepo\homebroker2025\homebroker-python\services\7_artificial_intelligence_service\services\transaction_service.py", line 63, in create_transaction
    db.commit()
    ~~~~~~~~~^^
  File "D:\Projetos_repositorio\gitLabRepo\homebroker2025\homebroker-python\services\7_artificial_intelligence_service\venv\Lib\site-packages\sqlalchemy\orm\session.py", line 2030, in commit
    trans.commit(_to_root=True)
    ~~~~~~~~~~~~^^^^^^^^^^^^^^^
  File "<string>", line 2, in commit
  File "D:\Projetos_repositorio\gitLabRepo\homebroker2025\homebroker-python\services\7_artificial_intelligence_service\venv\Lib\site-packages\sqlalchemy\orm\state_changes.py", line 137, in _go
    ret_value = fn(self, *arg, **kw)
  File "D:\Projetos_repositorio\gitLabRepo\homebroker2025\homebroker-python\services\7_artificial_intelligence_service\venv\Lib\site-packages\sqlalchemy\orm\session.py", line 1311, in commit
    self._prepare_impl()
    ~~~~~~~~~~~~~~~~~~^^
  File "<string>", line 2, in _prepare_impl
  File "D:\Projetos_repositorio\gitLabRepo\homebroker2025\homebroker-python\services\7_artificial_intelligence_service\venv\Lib\site-packages\sqlalchemy\orm\state_changes.py", line 137, in _go
    ret_value = fn(self, *arg, **kw)
  File "D:\Projetos_repositorio\gitLabRepo\homebroker2025\homebroker-python\services\7_artificial_intelligence_service\venv\Lib\site-packages\sqlalchemy\orm\session.py", line 1286, in _prepare_impl
    self.session.flush()
    ~~~~~~~~~~~~~~~~~~^^
  File "D:\Projetos_repositorio\gitLabRepo\homebroker2025\homebroker-python\services\7_artificial_intelligence_service\venv\Lib\site-packages\sqlalchemy\orm\session.py", line 4331, in flush
    self._flush(objects)
    ~~~~~~~~~~~^^^^^^^^^
  File "D:\Projetos_repositorio\gitLabRepo\homebroker2025\homebroker-python\services\7_artificial_intelligence_service\venv\Lib\site-packages\sqlalchemy\orm\session.py", line 4466, in _flush
    with util.safe_reraise():
         ~~~~~~~~~~~~~~~~~^^
  File "D:\Projetos_repositorio\gitLabRepo\homebroker2025\homebroker-python\services\7_artificial_intelligence_service\venv\Lib\site-packages\sqlalchemy\util\langhelpers.py", line 224, in __exit__
    raise exc_value.with_traceback(exc_tb)
  File "D:\Projetos_repositorio\gitLabRepo\homebroker2025\homebroker-python\services\7_artificial_intelligence_service\venv\Lib\site-packages\sqlalchemy\orm\session.py", line 4427, in _flush
    flush_context.execute()
    ~~~~~~~~~~~~~~~~~~~~~^^
  File "D:\Projetos_repositorio\gitLabRepo\homebroker2025\homebroker-python\services\7_artificial_intelligence_service\venv\Lib\site-packages\sqlalchemy\orm\unitofwork.py", line 466, in execute
    rec.execute(self)
    ~~~~~~~~~~~^^^^^^
  File "D:\Projetos_repositorio\gitLabRepo\homebroker2025\homebroker-python\services\7_artificial_intelligence_service\venv\Lib\site-packages\sqlalchemy\orm\unitofwork.py", line 642, in execute
    util.preloaded.orm_persistence.save_obj(
    ~~~~~~~~~~~~~~~~~~~~~~~~~~~~~~~~~~~~~~~^
        self.mapper,
        ^^^^^^^^^^^^
        uow.states_for_mapper_hierarchy(self.mapper, False, False),
        ^^^^^^^^^^^^^^^^^^^^^^^^^^^^^^^^^^^^^^^^^^^^^^^^^^^^^^^^^^^
        uow,
        ^^^^
    )
    ^
  File "D:\Projetos_repositorio\gitLabRepo\homebroker2025\homebroker-python\services\7_artificial_intelligence_service\venv\Lib\site-packages\sqlalchemy\orm\persistence.py", line 76, in save_obj
    for table, mapper in base_mapper._sorted_tables.items():
                         ^^^^^^^^^^^^^^^^^^^^^^^^^^
  File "D:\Projetos_repositorio\gitLabRepo\homebroker2025\homebroker-python\services\7_artificial_intelligence_service\venv\Lib\site-packages\sqlalchemy\util\langhelpers.py", line 1338, in __get__
    obj.__dict__[self.__name__] = result = self.fget(obj)
                                           ~~~~~~~~~^^^^^
  File "D:\Projetos_repositorio\gitLabRepo\homebroker2025\homebroker-python\services\7_artificial_intelligence_service\venv\Lib\site-packages\sqlalchemy\orm\mapper.py", line 4064, in _sorted_tables
    sorted_ = sql_util.sort_tables(
        table_to_mapper,
        skip_fn=skip,
        extra_dependencies=extra_dependencies,
    )
  File "D:\Projetos_repositorio\gitLabRepo\homebroker2025\homebroker-python\services\7_artificial_intelligence_service\venv\Lib\site-packages\sqlalchemy\sql\ddl.py", line 1318, in sort_tables
    for (t, fkcs) in sort_tables_and_constraints(
                     ~~~~~~~~~~~~~~~~~~~~~~~~~~~^
        tables,
        ^^^^^^^
    ...<2 lines>...
        _warn_for_cycles=True,
        ^^^^^^^^^^^^^^^^^^^^^^
    )
    ^
  File "D:\Projetos_repositorio\gitLabRepo\homebroker2025\homebroker-python\services\7_artificial_intelligence_service\venv\Lib\site-packages\sqlalchemy\sql\ddl.py", line 1388, in sort_tables_and_constraints
    filtered = filter_fn(fkc)
  File "D:\Projetos_repositorio\gitLabRepo\homebroker2025\homebroker-python\services\7_artificial_intelligence_service\venv\Lib\site-packages\sqlalchemy\sql\ddl.py", line 1308, in _skip_fn
    if fixed_skip_fn(fk):
       ~~~~~~~~~~~~~^^^^
  File "D:\Projetos_repositorio\gitLabRepo\homebroker2025\homebroker-python\services\7_artificial_intelligence_service\venv\Lib\site-packages\sqlalchemy\orm\mapper.py", line 4047, in skip
    dep = table_to_mapper.get(fk.column.table)
                              ^^^^^^^^^
  File "D:\Projetos_repositorio\gitLabRepo\homebroker2025\homebroker-python\services\7_artificial_intelligence_service\venv\Lib\site-packages\sqlalchemy\util\langhelpers.py", line 1226, in __get__
    obj.__dict__[self.__name__] = result = self.fget(obj)
                                           ~~~~~~~~~^^^^^
  File "D:\Projetos_repositorio\gitLabRepo\homebroker2025\homebroker-python\services\7_artificial_intelligence_service\venv\Lib\site-packages\sqlalchemy\sql\schema.py", line 3199, in column
    return self._resolve_column()
           ~~~~~~~~~~~~~~~~~~~~^^
  File "D:\Projetos_repositorio\gitLabRepo\homebroker2025\homebroker-python\services\7_artificial_intelligence_service\venv\Lib\site-packages\sqlalchemy\sql\schema.py", line 3222, in _resolve_column
    raise exc.NoReferencedTableError(
    ...<5 lines>...
    )
sqlalchemy.exc.NoReferencedTableError: Foreign key associated with column 'transactions.user_id' could not find table 'public.users' with which to generate a foreign key to target column 'id'
2025-11-18 23:13:52 - uvicorn.error - ERROR - run_asgi:416 - Exception in ASGI application
Traceback (most recent call last):
  File "D:\Projetos_repositorio\gitLabRepo\homebroker2025\homebroker-python\services\7_artificial_intelligence_service\venv\Lib\site-packages\uvicorn\protocols\http\httptools_impl.py", line 411, in run_asgi
    result = await app(  # type: ignore[func-returns-value]
             ^^^^^^^^^^^^^^^^^^^^^^^^^^^^^^^^^^^^^^^^^^^^^^
        self.scope, self.receive, self.send
        ^^^^^^^^^^^^^^^^^^^^^^^^^^^^^^^^^^^
    )
    ^
  File "D:\Projetos_repositorio\gitLabRepo\homebroker2025\homebroker-python\services\7_artificial_intelligence_service\venv\Lib\site-packages\uvicorn\middleware\proxy_headers.py", line 69, in __call__
    return await self.app(scope, receive, send)
           ^^^^^^^^^^^^^^^^^^^^^^^^^^^^^^^^^^^^
  File "D:\Projetos_repositorio\gitLabRepo\homebroker2025\homebroker-python\services\7_artificial_intelligence_service\venv\Lib\site-packages\engineio\async_drivers\asgi.py", line 75, in __call__
    await self.other_asgi_app(scope, receive, send)
  File "D:\Projetos_repositorio\gitLabRepo\homebroker2025\homebroker-python\services\7_artificial_intelligence_service\venv\Lib\site-packages\fastapi\applications.py", line 1054, in __call__
    await super().__call__(scope, receive, send)
  File "D:\Projetos_repositorio\gitLabRepo\homebroker2025\homebroker-python\services\7_artificial_intelligence_service\venv\Lib\site-packages\starlette\applications.py", line 123, in __call__
    await self.middleware_stack(scope, receive, send)
  File "D:\Projetos_repositorio\gitLabRepo\homebroker2025\homebroker-python\services\7_artificial_intelligence_service\venv\Lib\site-packages\starlette\middleware\errors.py", line 186, in __call__
    raise exc
  File "D:\Projetos_repositorio\gitLabRepo\homebroker2025\homebroker-python\services\7_artificial_intelligence_service\venv\Lib\site-packages\starlette\middleware\errors.py", line 164, in __call__
    await self.app(scope, receive, _send)
  File "D:\Projetos_repositorio\gitLabRepo\homebroker2025\homebroker-python\services\7_artificial_intelligence_service\venv\Lib\site-packages\starlette\middleware\cors.py", line 85, in __call__
    await self.app(scope, receive, send)
  File "D:\Projetos_repositorio\gitLabRepo\homebroker2025\homebroker-python\services\7_artificial_intelligence_service\venv\Lib\site-packages\starlette\middleware\base.py", line 191, in __call__
    response = await self.dispatch_func(request, call_next)
               ^^^^^^^^^^^^^^^^^^^^^^^^^^^^^^^^^^^^^^^^^^^^
  File "D:\Projetos_repositorio\gitLabRepo\homebroker2025\homebroker-python\services\7_artificial_intelligence_service\middleware\tracking_middleware.py", line 75, in dispatch
    transaction = TransactionService.create_transaction(
        user_id=user_id,
    ...<4 lines>...
        endpoint=endpoint
    )
  File "D:\Projetos_repositorio\gitLabRepo\homebroker2025\homebroker-python\services\7_artificial_intelligence_service\services\transaction_service.py", line 63, in create_transaction
    db.commit()
    ~~~~~~~~~^^
  File "D:\Projetos_repositorio\gitLabRepo\homebroker2025\homebroker-python\services\7_artificial_intelligence_service\venv\Lib\site-packages\sqlalchemy\orm\session.py", line 2030, in commit
    trans.commit(_to_root=True)
    ~~~~~~~~~~~~^^^^^^^^^^^^^^^
  File "<string>", line 2, in commit
  File "D:\Projetos_repositorio\gitLabRepo\homebroker2025\homebroker-python\services\7_artificial_intelligence_service\venv\Lib\site-packages\sqlalchemy\orm\state_changes.py", line 137, in _go
    ret_value = fn(self, *arg, **kw)
  File "D:\Projetos_repositorio\gitLabRepo\homebroker2025\homebroker-python\services\7_artificial_intelligence_service\venv\Lib\site-packages\sqlalchemy\orm\session.py", line 1311, in commit
    self._prepare_impl()
    ~~~~~~~~~~~~~~~~~~^^
  File "<string>", line 2, in _prepare_impl
  File "D:\Projetos_repositorio\gitLabRepo\homebroker2025\homebroker-python\services\7_artificial_intelligence_service\venv\Lib\site-packages\sqlalchemy\orm\state_changes.py", line 137, in _go
    ret_value = fn(self, *arg, **kw)
  File "D:\Projetos_repositorio\gitLabRepo\homebroker2025\homebroker-python\services\7_artificial_intelligence_service\venv\Lib\site-packages\sqlalchemy\orm\session.py", line 1286, in _prepare_impl
    self.session.flush()
    ~~~~~~~~~~~~~~~~~~^^
  File "D:\Projetos_repositorio\gitLabRepo\homebroker2025\homebroker-python\services\7_artificial_intelligence_service\venv\Lib\site-packages\sqlalchemy\orm\session.py", line 4331, in flush
    self._flush(objects)
    ~~~~~~~~~~~^^^^^^^^^
  File "D:\Projetos_repositorio\gitLabRepo\homebroker2025\homebroker-python\services\7_artificial_intelligence_service\venv\Lib\site-packages\sqlalchemy\orm\session.py", line 4466, in _flush
    with util.safe_reraise():
         ~~~~~~~~~~~~~~~~~^^
  File "D:\Projetos_repositorio\gitLabRepo\homebroker2025\homebroker-python\services\7_artificial_intelligence_service\venv\Lib\site-packages\sqlalchemy\util\langhelpers.py", line 224, in __exit__
    raise exc_value.with_traceback(exc_tb)
  File "D:\Projetos_repositorio\gitLabRepo\homebroker2025\homebroker-python\services\7_artificial_intelligence_service\venv\Lib\site-packages\sqlalchemy\orm\session.py", line 4427, in _flush
    flush_context.execute()
    ~~~~~~~~~~~~~~~~~~~~~^^
  File "D:\Projetos_repositorio\gitLabRepo\homebroker2025\homebroker-python\services\7_artificial_intelligence_service\venv\Lib\site-packages\sqlalchemy\orm\unitofwork.py", line 466, in execute
    rec.execute(self)
    ~~~~~~~~~~~^^^^^^
  File "D:\Projetos_repositorio\gitLabRepo\homebroker2025\homebroker-python\services\7_artificial_intelligence_service\venv\Lib\site-packages\sqlalchemy\orm\unitofwork.py", line 642, in execute
    util.preloaded.orm_persistence.save_obj(
    ~~~~~~~~~~~~~~~~~~~~~~~~~~~~~~~~~~~~~~~^
        self.mapper,
        ^^^^^^^^^^^^
        uow.states_for_mapper_hierarchy(self.mapper, False, False),
        ^^^^^^^^^^^^^^^^^^^^^^^^^^^^^^^^^^^^^^^^^^^^^^^^^^^^^^^^^^^
        uow,
        ^^^^
    )
    ^
  File "D:\Projetos_repositorio\gitLabRepo\homebroker2025\homebroker-python\services\7_artificial_intelligence_service\venv\Lib\site-packages\sqlalchemy\orm\persistence.py", line 76, in save_obj
    for table, mapper in base_mapper._sorted_tables.items():
                         ^^^^^^^^^^^^^^^^^^^^^^^^^^
  File "D:\Projetos_repositorio\gitLabRepo\homebroker2025\homebroker-python\services\7_artificial_intelligence_service\venv\Lib\site-packages\sqlalchemy\util\langhelpers.py", line 1338, in __get__
    obj.__dict__[self.__name__] = result = self.fget(obj)
                                           ~~~~~~~~~^^^^^
  File "D:\Projetos_repositorio\gitLabRepo\homebroker2025\homebroker-python\services\7_artificial_intelligence_service\venv\Lib\site-packages\sqlalchemy\orm\mapper.py", line 4064, in _sorted_tables
    sorted_ = sql_util.sort_tables(
        table_to_mapper,
        skip_fn=skip,
        extra_dependencies=extra_dependencies,
    )
  File "D:\Projetos_repositorio\gitLabRepo\homebroker2025\homebroker-python\services\7_artificial_intelligence_service\venv\Lib\site-packages\sqlalchemy\sql\ddl.py", line 1318, in sort_tables
    for (t, fkcs) in sort_tables_and_constraints(
                     ~~~~~~~~~~~~~~~~~~~~~~~~~~~^
        tables,
        ^^^^^^^
    ...<2 lines>...
        _warn_for_cycles=True,
        ^^^^^^^^^^^^^^^^^^^^^^
    )
    ^
  File "D:\Projetos_repositorio\gitLabRepo\homebroker2025\homebroker-python\services\7_artificial_intelligence_service\venv\Lib\site-packages\sqlalchemy\sql\ddl.py", line 1388, in sort_tables_and_constraints
    filtered = filter_fn(fkc)
  File "D:\Projetos_repositorio\gitLabRepo\homebroker2025\homebroker-python\services\7_artificial_intelligence_service\venv\Lib\site-packages\sqlalchemy\sql\ddl.py", line 1308, in _skip_fn
    if fixed_skip_fn(fk):
       ~~~~~~~~~~~~~^^^^
  File "D:\Projetos_repositorio\gitLabRepo\homebroker2025\homebroker-python\services\7_artificial_intelligence_service\venv\Lib\site-packages\sqlalchemy\orm\mapper.py", line 4047, in skip
    dep = table_to_mapper.get(fk.column.table)
                              ^^^^^^^^^
  File "D:\Projetos_repositorio\gitLabRepo\homebroker2025\homebroker-python\services\7_artificial_intelligence_service\venv\Lib\site-packages\sqlalchemy\util\langhelpers.py", line 1226, in __get__
    obj.__dict__[self.__name__] = result = self.fget(obj)
                                           ~~~~~~~~~^^^^^
  File "D:\Projetos_repositorio\gitLabRepo\homebroker2025\homebroker-python\services\7_artificial_intelligence_service\venv\Lib\site-packages\sqlalchemy\sql\schema.py", line 3199, in column
    return self._resolve_column()
           ~~~~~~~~~~~~~~~~~~~~^^
  File "D:\Projetos_repositorio\gitLabRepo\homebroker2025\homebroker-python\services\7_artificial_intelligence_service\venv\Lib\site-packages\sqlalchemy\sql\schema.py", line 3222, in _resolve_column
    raise exc.NoReferencedTableError(
    ...<5 lines>...
    )
sqlalchemy.exc.NoReferencedTableError: Foreign key associated with column 'transactions.user_id' could not find table 'public.users' with which to generate a foreign key to target column 'id'
2025-11-18 23:14:09 - uvicorn.error - ERROR - run_asgi:416 - Exception in ASGI application
Traceback (most recent call last):
  File "D:\Projetos_repositorio\gitLabRepo\homebroker2025\homebroker-python\services\7_artificial_intelligence_service\venv\Lib\site-packages\uvicorn\protocols\http\httptools_impl.py", line 411, in run_asgi
    result = await app(  # type: ignore[func-returns-value]
             ^^^^^^^^^^^^^^^^^^^^^^^^^^^^^^^^^^^^^^^^^^^^^^
        self.scope, self.receive, self.send
        ^^^^^^^^^^^^^^^^^^^^^^^^^^^^^^^^^^^
    )
    ^
  File "D:\Projetos_repositorio\gitLabRepo\homebroker2025\homebroker-python\services\7_artificial_intelligence_service\venv\Lib\site-packages\uvicorn\middleware\proxy_headers.py", line 69, in __call__
    return await self.app(scope, receive, send)
           ^^^^^^^^^^^^^^^^^^^^^^^^^^^^^^^^^^^^
  File "D:\Projetos_repositorio\gitLabRepo\homebroker2025\homebroker-python\services\7_artificial_intelligence_service\venv\Lib\site-packages\engineio\async_drivers\asgi.py", line 75, in __call__
    await self.other_asgi_app(scope, receive, send)
  File "D:\Projetos_repositorio\gitLabRepo\homebroker2025\homebroker-python\services\7_artificial_intelligence_service\venv\Lib\site-packages\fastapi\applications.py", line 1054, in __call__
    await super().__call__(scope, receive, send)
  File "D:\Projetos_repositorio\gitLabRepo\homebroker2025\homebroker-python\services\7_artificial_intelligence_service\venv\Lib\site-packages\starlette\applications.py", line 123, in __call__
    await self.middleware_stack(scope, receive, send)
  File "D:\Projetos_repositorio\gitLabRepo\homebroker2025\homebroker-python\services\7_artificial_intelligence_service\venv\Lib\site-packages\starlette\middleware\errors.py", line 186, in __call__
    raise exc
  File "D:\Projetos_repositorio\gitLabRepo\homebroker2025\homebroker-python\services\7_artificial_intelligence_service\venv\Lib\site-packages\starlette\middleware\errors.py", line 164, in __call__
    await self.app(scope, receive, _send)
  File "D:\Projetos_repositorio\gitLabRepo\homebroker2025\homebroker-python\services\7_artificial_intelligence_service\venv\Lib\site-packages\starlette\middleware\cors.py", line 85, in __call__
    await self.app(scope, receive, send)
  File "D:\Projetos_repositorio\gitLabRepo\homebroker2025\homebroker-python\services\7_artificial_intelligence_service\venv\Lib\site-packages\starlette\middleware\base.py", line 191, in __call__
    response = await self.dispatch_func(request, call_next)
               ^^^^^^^^^^^^^^^^^^^^^^^^^^^^^^^^^^^^^^^^^^^^
  File "D:\Projetos_repositorio\gitLabRepo\homebroker2025\homebroker-python\services\7_artificial_intelligence_service\middleware\tracking_middleware.py", line 75, in dispatch
    transaction = TransactionService.create_transaction(
        user_id=user_id,
    ...<4 lines>...
        endpoint=endpoint
    )
  File "D:\Projetos_repositorio\gitLabRepo\homebroker2025\homebroker-python\services\7_artificial_intelligence_service\services\transaction_service.py", line 63, in create_transaction
    db.commit()
    ~~~~~~~~~^^
  File "D:\Projetos_repositorio\gitLabRepo\homebroker2025\homebroker-python\services\7_artificial_intelligence_service\venv\Lib\site-packages\sqlalchemy\orm\session.py", line 2030, in commit
    trans.commit(_to_root=True)
    ~~~~~~~~~~~~^^^^^^^^^^^^^^^
  File "<string>", line 2, in commit
  File "D:\Projetos_repositorio\gitLabRepo\homebroker2025\homebroker-python\services\7_artificial_intelligence_service\venv\Lib\site-packages\sqlalchemy\orm\state_changes.py", line 137, in _go
    ret_value = fn(self, *arg, **kw)
  File "D:\Projetos_repositorio\gitLabRepo\homebroker2025\homebroker-python\services\7_artificial_intelligence_service\venv\Lib\site-packages\sqlalchemy\orm\session.py", line 1311, in commit
    self._prepare_impl()
    ~~~~~~~~~~~~~~~~~~^^
  File "<string>", line 2, in _prepare_impl
  File "D:\Projetos_repositorio\gitLabRepo\homebroker2025\homebroker-python\services\7_artificial_intelligence_service\venv\Lib\site-packages\sqlalchemy\orm\state_changes.py", line 137, in _go
    ret_value = fn(self, *arg, **kw)
  File "D:\Projetos_repositorio\gitLabRepo\homebroker2025\homebroker-python\services\7_artificial_intelligence_service\venv\Lib\site-packages\sqlalchemy\orm\session.py", line 1286, in _prepare_impl
    self.session.flush()
    ~~~~~~~~~~~~~~~~~~^^
  File "D:\Projetos_repositorio\gitLabRepo\homebroker2025\homebroker-python\services\7_artificial_intelligence_service\venv\Lib\site-packages\sqlalchemy\orm\session.py", line 4331, in flush
    self._flush(objects)
    ~~~~~~~~~~~^^^^^^^^^
  File "D:\Projetos_repositorio\gitLabRepo\homebroker2025\homebroker-python\services\7_artificial_intelligence_service\venv\Lib\site-packages\sqlalchemy\orm\session.py", line 4466, in _flush
    with util.safe_reraise():
         ~~~~~~~~~~~~~~~~~^^
  File "D:\Projetos_repositorio\gitLabRepo\homebroker2025\homebroker-python\services\7_artificial_intelligence_service\venv\Lib\site-packages\sqlalchemy\util\langhelpers.py", line 224, in __exit__
    raise exc_value.with_traceback(exc_tb)
  File "D:\Projetos_repositorio\gitLabRepo\homebroker2025\homebroker-python\services\7_artificial_intelligence_service\venv\Lib\site-packages\sqlalchemy\orm\session.py", line 4427, in _flush
    flush_context.execute()
    ~~~~~~~~~~~~~~~~~~~~~^^
  File "D:\Projetos_repositorio\gitLabRepo\homebroker2025\homebroker-python\services\7_artificial_intelligence_service\venv\Lib\site-packages\sqlalchemy\orm\unitofwork.py", line 466, in execute
    rec.execute(self)
    ~~~~~~~~~~~^^^^^^
  File "D:\Projetos_repositorio\gitLabRepo\homebroker2025\homebroker-python\services\7_artificial_intelligence_service\venv\Lib\site-packages\sqlalchemy\orm\unitofwork.py", line 642, in execute
    util.preloaded.orm_persistence.save_obj(
    ~~~~~~~~~~~~~~~~~~~~~~~~~~~~~~~~~~~~~~~^
        self.mapper,
        ^^^^^^^^^^^^
        uow.states_for_mapper_hierarchy(self.mapper, False, False),
        ^^^^^^^^^^^^^^^^^^^^^^^^^^^^^^^^^^^^^^^^^^^^^^^^^^^^^^^^^^^
        uow,
        ^^^^
    )
    ^
  File "D:\Projetos_repositorio\gitLabRepo\homebroker2025\homebroker-python\services\7_artificial_intelligence_service\venv\Lib\site-packages\sqlalchemy\orm\persistence.py", line 76, in save_obj
    for table, mapper in base_mapper._sorted_tables.items():
                         ^^^^^^^^^^^^^^^^^^^^^^^^^^
  File "D:\Projetos_repositorio\gitLabRepo\homebroker2025\homebroker-python\services\7_artificial_intelligence_service\venv\Lib\site-packages\sqlalchemy\util\langhelpers.py", line 1338, in __get__
    obj.__dict__[self.__name__] = result = self.fget(obj)
                                           ~~~~~~~~~^^^^^
  File "D:\Projetos_repositorio\gitLabRepo\homebroker2025\homebroker-python\services\7_artificial_intelligence_service\venv\Lib\site-packages\sqlalchemy\orm\mapper.py", line 4064, in _sorted_tables
    sorted_ = sql_util.sort_tables(
        table_to_mapper,
        skip_fn=skip,
        extra_dependencies=extra_dependencies,
    )
  File "D:\Projetos_repositorio\gitLabRepo\homebroker2025\homebroker-python\services\7_artificial_intelligence_service\venv\Lib\site-packages\sqlalchemy\sql\ddl.py", line 1318, in sort_tables
    for (t, fkcs) in sort_tables_and_constraints(
                     ~~~~~~~~~~~~~~~~~~~~~~~~~~~^
        tables,
        ^^^^^^^
    ...<2 lines>...
        _warn_for_cycles=True,
        ^^^^^^^^^^^^^^^^^^^^^^
    )
    ^
  File "D:\Projetos_repositorio\gitLabRepo\homebroker2025\homebroker-python\services\7_artificial_intelligence_service\venv\Lib\site-packages\sqlalchemy\sql\ddl.py", line 1388, in sort_tables_and_constraints
    filtered = filter_fn(fkc)
  File "D:\Projetos_repositorio\gitLabRepo\homebroker2025\homebroker-python\services\7_artificial_intelligence_service\venv\Lib\site-packages\sqlalchemy\sql\ddl.py", line 1308, in _skip_fn
    if fixed_skip_fn(fk):
       ~~~~~~~~~~~~~^^^^
  File "D:\Projetos_repositorio\gitLabRepo\homebroker2025\homebroker-python\services\7_artificial_intelligence_service\venv\Lib\site-packages\sqlalchemy\orm\mapper.py", line 4047, in skip
    dep = table_to_mapper.get(fk.column.table)
                              ^^^^^^^^^
  File "D:\Projetos_repositorio\gitLabRepo\homebroker2025\homebroker-python\services\7_artificial_intelligence_service\venv\Lib\site-packages\sqlalchemy\util\langhelpers.py", line 1226, in __get__
    obj.__dict__[self.__name__] = result = self.fget(obj)
                                           ~~~~~~~~~^^^^^
  File "D:\Projetos_repositorio\gitLabRepo\homebroker2025\homebroker-python\services\7_artificial_intelligence_service\venv\Lib\site-packages\sqlalchemy\sql\schema.py", line 3199, in column
    return self._resolve_column()
           ~~~~~~~~~~~~~~~~~~~~^^
  File "D:\Projetos_repositorio\gitLabRepo\homebroker2025\homebroker-python\services\7_artificial_intelligence_service\venv\Lib\site-packages\sqlalchemy\sql\schema.py", line 3222, in _resolve_column
    raise exc.NoReferencedTableError(
    ...<5 lines>...
    )
sqlalchemy.exc.NoReferencedTableError: Foreign key associated with column 'transactions.user_id' could not find table 'public.users' with which to generate a foreign key to target column 'id'
2025-11-18 23:14:44 - uvicorn.error - ERROR - run_asgi:416 - Exception in ASGI application
Traceback (most recent call last):
  File "D:\Projetos_repositorio\gitLabRepo\homebroker2025\homebroker-python\services\7_artificial_intelligence_service\venv\Lib\site-packages\uvicorn\protocols\http\httptools_impl.py", line 411, in run_asgi
    result = await app(  # type: ignore[func-returns-value]
             ^^^^^^^^^^^^^^^^^^^^^^^^^^^^^^^^^^^^^^^^^^^^^^
        self.scope, self.receive, self.send
        ^^^^^^^^^^^^^^^^^^^^^^^^^^^^^^^^^^^
    )
    ^
  File "D:\Projetos_repositorio\gitLabRepo\homebroker2025\homebroker-python\services\7_artificial_intelligence_service\venv\Lib\site-packages\uvicorn\middleware\proxy_headers.py", line 69, in __call__
    return await self.app(scope, receive, send)
           ^^^^^^^^^^^^^^^^^^^^^^^^^^^^^^^^^^^^
  File "D:\Projetos_repositorio\gitLabRepo\homebroker2025\homebroker-python\services\7_artificial_intelligence_service\venv\Lib\site-packages\engineio\async_drivers\asgi.py", line 75, in __call__
    await self.other_asgi_app(scope, receive, send)
  File "D:\Projetos_repositorio\gitLabRepo\homebroker2025\homebroker-python\services\7_artificial_intelligence_service\venv\Lib\site-packages\fastapi\applications.py", line 1054, in __call__
    await super().__call__(scope, receive, send)
  File "D:\Projetos_repositorio\gitLabRepo\homebroker2025\homebroker-python\services\7_artificial_intelligence_service\venv\Lib\site-packages\starlette\applications.py", line 123, in __call__
    await self.middleware_stack(scope, receive, send)
  File "D:\Projetos_repositorio\gitLabRepo\homebroker2025\homebroker-python\services\7_artificial_intelligence_service\venv\Lib\site-packages\starlette\middleware\errors.py", line 186, in __call__
    raise exc
  File "D:\Projetos_repositorio\gitLabRepo\homebroker2025\homebroker-python\services\7_artificial_intelligence_service\venv\Lib\site-packages\starlette\middleware\errors.py", line 164, in __call__
    await self.app(scope, receive, _send)
  File "D:\Projetos_repositorio\gitLabRepo\homebroker2025\homebroker-python\services\7_artificial_intelligence_service\venv\Lib\site-packages\starlette\middleware\cors.py", line 85, in __call__
    await self.app(scope, receive, send)
  File "D:\Projetos_repositorio\gitLabRepo\homebroker2025\homebroker-python\services\7_artificial_intelligence_service\venv\Lib\site-packages\starlette\middleware\base.py", line 191, in __call__
    response = await self.dispatch_func(request, call_next)
               ^^^^^^^^^^^^^^^^^^^^^^^^^^^^^^^^^^^^^^^^^^^^
  File "D:\Projetos_repositorio\gitLabRepo\homebroker2025\homebroker-python\services\7_artificial_intelligence_service\middleware\tracking_middleware.py", line 75, in dispatch
    transaction = TransactionService.create_transaction(
        user_id=user_id,
    ...<4 lines>...
        endpoint=endpoint
    )
  File "D:\Projetos_repositorio\gitLabRepo\homebroker2025\homebroker-python\services\7_artificial_intelligence_service\services\transaction_service.py", line 63, in create_transaction
    db.commit()
    ~~~~~~~~~^^
  File "D:\Projetos_repositorio\gitLabRepo\homebroker2025\homebroker-python\services\7_artificial_intelligence_service\venv\Lib\site-packages\sqlalchemy\orm\session.py", line 2030, in commit
    trans.commit(_to_root=True)
    ~~~~~~~~~~~~^^^^^^^^^^^^^^^
  File "<string>", line 2, in commit
  File "D:\Projetos_repositorio\gitLabRepo\homebroker2025\homebroker-python\services\7_artificial_intelligence_service\venv\Lib\site-packages\sqlalchemy\orm\state_changes.py", line 137, in _go
    ret_value = fn(self, *arg, **kw)
  File "D:\Projetos_repositorio\gitLabRepo\homebroker2025\homebroker-python\services\7_artificial_intelligence_service\venv\Lib\site-packages\sqlalchemy\orm\session.py", line 1311, in commit
    self._prepare_impl()
    ~~~~~~~~~~~~~~~~~~^^
  File "<string>", line 2, in _prepare_impl
  File "D:\Projetos_repositorio\gitLabRepo\homebroker2025\homebroker-python\services\7_artificial_intelligence_service\venv\Lib\site-packages\sqlalchemy\orm\state_changes.py", line 137, in _go
    ret_value = fn(self, *arg, **kw)
  File "D:\Projetos_repositorio\gitLabRepo\homebroker2025\homebroker-python\services\7_artificial_intelligence_service\venv\Lib\site-packages\sqlalchemy\orm\session.py", line 1286, in _prepare_impl
    self.session.flush()
    ~~~~~~~~~~~~~~~~~~^^
  File "D:\Projetos_repositorio\gitLabRepo\homebroker2025\homebroker-python\services\7_artificial_intelligence_service\venv\Lib\site-packages\sqlalchemy\orm\session.py", line 4331, in flush
    self._flush(objects)
    ~~~~~~~~~~~^^^^^^^^^
  File "D:\Projetos_repositorio\gitLabRepo\homebroker2025\homebroker-python\services\7_artificial_intelligence_service\venv\Lib\site-packages\sqlalchemy\orm\session.py", line 4466, in _flush
    with util.safe_reraise():
         ~~~~~~~~~~~~~~~~~^^
  File "D:\Projetos_repositorio\gitLabRepo\homebroker2025\homebroker-python\services\7_artificial_intelligence_service\venv\Lib\site-packages\sqlalchemy\util\langhelpers.py", line 224, in __exit__
    raise exc_value.with_traceback(exc_tb)
  File "D:\Projetos_repositorio\gitLabRepo\homebroker2025\homebroker-python\services\7_artificial_intelligence_service\venv\Lib\site-packages\sqlalchemy\orm\session.py", line 4427, in _flush
    flush_context.execute()
    ~~~~~~~~~~~~~~~~~~~~~^^
  File "D:\Projetos_repositorio\gitLabRepo\homebroker2025\homebroker-python\services\7_artificial_intelligence_service\venv\Lib\site-packages\sqlalchemy\orm\unitofwork.py", line 466, in execute
    rec.execute(self)
    ~~~~~~~~~~~^^^^^^
  File "D:\Projetos_repositorio\gitLabRepo\homebroker2025\homebroker-python\services\7_artificial_intelligence_service\venv\Lib\site-packages\sqlalchemy\orm\unitofwork.py", line 642, in execute
    util.preloaded.orm_persistence.save_obj(
    ~~~~~~~~~~~~~~~~~~~~~~~~~~~~~~~~~~~~~~~^
        self.mapper,
        ^^^^^^^^^^^^
        uow.states_for_mapper_hierarchy(self.mapper, False, False),
        ^^^^^^^^^^^^^^^^^^^^^^^^^^^^^^^^^^^^^^^^^^^^^^^^^^^^^^^^^^^
        uow,
        ^^^^
    )
    ^
  File "D:\Projetos_repositorio\gitLabRepo\homebroker2025\homebroker-python\services\7_artificial_intelligence_service\venv\Lib\site-packages\sqlalchemy\orm\persistence.py", line 76, in save_obj
    for table, mapper in base_mapper._sorted_tables.items():
                         ^^^^^^^^^^^^^^^^^^^^^^^^^^
  File "D:\Projetos_repositorio\gitLabRepo\homebroker2025\homebroker-python\services\7_artificial_intelligence_service\venv\Lib\site-packages\sqlalchemy\util\langhelpers.py", line 1338, in __get__
    obj.__dict__[self.__name__] = result = self.fget(obj)
                                           ~~~~~~~~~^^^^^
  File "D:\Projetos_repositorio\gitLabRepo\homebroker2025\homebroker-python\services\7_artificial_intelligence_service\venv\Lib\site-packages\sqlalchemy\orm\mapper.py", line 4064, in _sorted_tables
    sorted_ = sql_util.sort_tables(
        table_to_mapper,
        skip_fn=skip,
        extra_dependencies=extra_dependencies,
    )
  File "D:\Projetos_repositorio\gitLabRepo\homebroker2025\homebroker-python\services\7_artificial_intelligence_service\venv\Lib\site-packages\sqlalchemy\sql\ddl.py", line 1318, in sort_tables
    for (t, fkcs) in sort_tables_and_constraints(
                     ~~~~~~~~~~~~~~~~~~~~~~~~~~~^
        tables,
        ^^^^^^^
    ...<2 lines>...
        _warn_for_cycles=True,
        ^^^^^^^^^^^^^^^^^^^^^^
    )
    ^
  File "D:\Projetos_repositorio\gitLabRepo\homebroker2025\homebroker-python\services\7_artificial_intelligence_service\venv\Lib\site-packages\sqlalchemy\sql\ddl.py", line 1388, in sort_tables_and_constraints
    filtered = filter_fn(fkc)
  File "D:\Projetos_repositorio\gitLabRepo\homebroker2025\homebroker-python\services\7_artificial_intelligence_service\venv\Lib\site-packages\sqlalchemy\sql\ddl.py", line 1308, in _skip_fn
    if fixed_skip_fn(fk):
       ~~~~~~~~~~~~~^^^^
  File "D:\Projetos_repositorio\gitLabRepo\homebroker2025\homebroker-python\services\7_artificial_intelligence_service\venv\Lib\site-packages\sqlalchemy\orm\mapper.py", line 4047, in skip
    dep = table_to_mapper.get(fk.column.table)
                              ^^^^^^^^^
  File "D:\Projetos_repositorio\gitLabRepo\homebroker2025\homebroker-python\services\7_artificial_intelligence_service\venv\Lib\site-packages\sqlalchemy\util\langhelpers.py", line 1226, in __get__
    obj.__dict__[self.__name__] = result = self.fget(obj)
                                           ~~~~~~~~~^^^^^
  File "D:\Projetos_repositorio\gitLabRepo\homebroker2025\homebroker-python\services\7_artificial_intelligence_service\venv\Lib\site-packages\sqlalchemy\sql\schema.py", line 3199, in column
    return self._resolve_column()
           ~~~~~~~~~~~~~~~~~~~~^^
  File "D:\Projetos_repositorio\gitLabRepo\homebroker2025\homebroker-python\services\7_artificial_intelligence_service\venv\Lib\site-packages\sqlalchemy\sql\schema.py", line 3222, in _resolve_column
    raise exc.NoReferencedTableError(
    ...<5 lines>...
    )
sqlalchemy.exc.NoReferencedTableError: Foreign key associated with column 'transactions.user_id' could not find table 'public.users' with which to generate a foreign key to target column 'id'
2025-11-18 23:14:47 - uvicorn.error - ERROR - run_asgi:416 - Exception in ASGI application
Traceback (most recent call last):
  File "D:\Projetos_repositorio\gitLabRepo\homebroker2025\homebroker-python\services\7_artificial_intelligence_service\venv\Lib\site-packages\uvicorn\protocols\http\httptools_impl.py", line 411, in run_asgi
    result = await app(  # type: ignore[func-returns-value]
             ^^^^^^^^^^^^^^^^^^^^^^^^^^^^^^^^^^^^^^^^^^^^^^
        self.scope, self.receive, self.send
        ^^^^^^^^^^^^^^^^^^^^^^^^^^^^^^^^^^^
    )
    ^
  File "D:\Projetos_repositorio\gitLabRepo\homebroker2025\homebroker-python\services\7_artificial_intelligence_service\venv\Lib\site-packages\uvicorn\middleware\proxy_headers.py", line 69, in __call__
    return await self.app(scope, receive, send)
           ^^^^^^^^^^^^^^^^^^^^^^^^^^^^^^^^^^^^
  File "D:\Projetos_repositorio\gitLabRepo\homebroker2025\homebroker-python\services\7_artificial_intelligence_service\venv\Lib\site-packages\engineio\async_drivers\asgi.py", line 75, in __call__
    await self.other_asgi_app(scope, receive, send)
  File "D:\Projetos_repositorio\gitLabRepo\homebroker2025\homebroker-python\services\7_artificial_intelligence_service\venv\Lib\site-packages\fastapi\applications.py", line 1054, in __call__
    await super().__call__(scope, receive, send)
  File "D:\Projetos_repositorio\gitLabRepo\homebroker2025\homebroker-python\services\7_artificial_intelligence_service\venv\Lib\site-packages\starlette\applications.py", line 123, in __call__
    await self.middleware_stack(scope, receive, send)
  File "D:\Projetos_repositorio\gitLabRepo\homebroker2025\homebroker-python\services\7_artificial_intelligence_service\venv\Lib\site-packages\starlette\middleware\errors.py", line 186, in __call__
    raise exc
  File "D:\Projetos_repositorio\gitLabRepo\homebroker2025\homebroker-python\services\7_artificial_intelligence_service\venv\Lib\site-packages\starlette\middleware\errors.py", line 164, in __call__
    await self.app(scope, receive, _send)
  File "D:\Projetos_repositorio\gitLabRepo\homebroker2025\homebroker-python\services\7_artificial_intelligence_service\venv\Lib\site-packages\starlette\middleware\cors.py", line 85, in __call__
    await self.app(scope, receive, send)
  File "D:\Projetos_repositorio\gitLabRepo\homebroker2025\homebroker-python\services\7_artificial_intelligence_service\venv\Lib\site-packages\starlette\middleware\base.py", line 191, in __call__
    response = await self.dispatch_func(request, call_next)
               ^^^^^^^^^^^^^^^^^^^^^^^^^^^^^^^^^^^^^^^^^^^^
  File "D:\Projetos_repositorio\gitLabRepo\homebroker2025\homebroker-python\services\7_artificial_intelligence_service\middleware\tracking_middleware.py", line 75, in dispatch
    transaction = TransactionService.create_transaction(
        user_id=user_id,
    ...<4 lines>...
        endpoint=endpoint
    )
  File "D:\Projetos_repositorio\gitLabRepo\homebroker2025\homebroker-python\services\7_artificial_intelligence_service\services\transaction_service.py", line 63, in create_transaction
    db.commit()
    ~~~~~~~~~^^
  File "D:\Projetos_repositorio\gitLabRepo\homebroker2025\homebroker-python\services\7_artificial_intelligence_service\venv\Lib\site-packages\sqlalchemy\orm\session.py", line 2030, in commit
    trans.commit(_to_root=True)
    ~~~~~~~~~~~~^^^^^^^^^^^^^^^
  File "<string>", line 2, in commit
  File "D:\Projetos_repositorio\gitLabRepo\homebroker2025\homebroker-python\services\7_artificial_intelligence_service\venv\Lib\site-packages\sqlalchemy\orm\state_changes.py", line 137, in _go
    ret_value = fn(self, *arg, **kw)
  File "D:\Projetos_repositorio\gitLabRepo\homebroker2025\homebroker-python\services\7_artificial_intelligence_service\venv\Lib\site-packages\sqlalchemy\orm\session.py", line 1311, in commit
    self._prepare_impl()
    ~~~~~~~~~~~~~~~~~~^^
  File "<string>", line 2, in _prepare_impl
  File "D:\Projetos_repositorio\gitLabRepo\homebroker2025\homebroker-python\services\7_artificial_intelligence_service\venv\Lib\site-packages\sqlalchemy\orm\state_changes.py", line 137, in _go
    ret_value = fn(self, *arg, **kw)
  File "D:\Projetos_repositorio\gitLabRepo\homebroker2025\homebroker-python\services\7_artificial_intelligence_service\venv\Lib\site-packages\sqlalchemy\orm\session.py", line 1286, in _prepare_impl
    self.session.flush()
    ~~~~~~~~~~~~~~~~~~^^
  File "D:\Projetos_repositorio\gitLabRepo\homebroker2025\homebroker-python\services\7_artificial_intelligence_service\venv\Lib\site-packages\sqlalchemy\orm\session.py", line 4331, in flush
    self._flush(objects)
    ~~~~~~~~~~~^^^^^^^^^
  File "D:\Projetos_repositorio\gitLabRepo\homebroker2025\homebroker-python\services\7_artificial_intelligence_service\venv\Lib\site-packages\sqlalchemy\orm\session.py", line 4466, in _flush
    with util.safe_reraise():
         ~~~~~~~~~~~~~~~~~^^
  File "D:\Projetos_repositorio\gitLabRepo\homebroker2025\homebroker-python\services\7_artificial_intelligence_service\venv\Lib\site-packages\sqlalchemy\util\langhelpers.py", line 224, in __exit__
    raise exc_value.with_traceback(exc_tb)
  File "D:\Projetos_repositorio\gitLabRepo\homebroker2025\homebroker-python\services\7_artificial_intelligence_service\venv\Lib\site-packages\sqlalchemy\orm\session.py", line 4427, in _flush
    flush_context.execute()
    ~~~~~~~~~~~~~~~~~~~~~^^
  File "D:\Projetos_repositorio\gitLabRepo\homebroker2025\homebroker-python\services\7_artificial_intelligence_service\venv\Lib\site-packages\sqlalchemy\orm\unitofwork.py", line 466, in execute
    rec.execute(self)
    ~~~~~~~~~~~^^^^^^
  File "D:\Projetos_repositorio\gitLabRepo\homebroker2025\homebroker-python\services\7_artificial_intelligence_service\venv\Lib\site-packages\sqlalchemy\orm\unitofwork.py", line 642, in execute
    util.preloaded.orm_persistence.save_obj(
    ~~~~~~~~~~~~~~~~~~~~~~~~~~~~~~~~~~~~~~~^
        self.mapper,
        ^^^^^^^^^^^^
        uow.states_for_mapper_hierarchy(self.mapper, False, False),
        ^^^^^^^^^^^^^^^^^^^^^^^^^^^^^^^^^^^^^^^^^^^^^^^^^^^^^^^^^^^
        uow,
        ^^^^
    )
    ^
  File "D:\Projetos_repositorio\gitLabRepo\homebroker2025\homebroker-python\services\7_artificial_intelligence_service\venv\Lib\site-packages\sqlalchemy\orm\persistence.py", line 76, in save_obj
    for table, mapper in base_mapper._sorted_tables.items():
                         ^^^^^^^^^^^^^^^^^^^^^^^^^^
  File "D:\Projetos_repositorio\gitLabRepo\homebroker2025\homebroker-python\services\7_artificial_intelligence_service\venv\Lib\site-packages\sqlalchemy\util\langhelpers.py", line 1338, in __get__
    obj.__dict__[self.__name__] = result = self.fget(obj)
                                           ~~~~~~~~~^^^^^
  File "D:\Projetos_repositorio\gitLabRepo\homebroker2025\homebroker-python\services\7_artificial_intelligence_service\venv\Lib\site-packages\sqlalchemy\orm\mapper.py", line 4064, in _sorted_tables
    sorted_ = sql_util.sort_tables(
        table_to_mapper,
        skip_fn=skip,
        extra_dependencies=extra_dependencies,
    )
  File "D:\Projetos_repositorio\gitLabRepo\homebroker2025\homebroker-python\services\7_artificial_intelligence_service\venv\Lib\site-packages\sqlalchemy\sql\ddl.py", line 1318, in sort_tables
    for (t, fkcs) in sort_tables_and_constraints(
                     ~~~~~~~~~~~~~~~~~~~~~~~~~~~^
        tables,
        ^^^^^^^
    ...<2 lines>...
        _warn_for_cycles=True,
        ^^^^^^^^^^^^^^^^^^^^^^
    )
    ^
  File "D:\Projetos_repositorio\gitLabRepo\homebroker2025\homebroker-python\services\7_artificial_intelligence_service\venv\Lib\site-packages\sqlalchemy\sql\ddl.py", line 1388, in sort_tables_and_constraints
    filtered = filter_fn(fkc)
  File "D:\Projetos_repositorio\gitLabRepo\homebroker2025\homebroker-python\services\7_artificial_intelligence_service\venv\Lib\site-packages\sqlalchemy\sql\ddl.py", line 1308, in _skip_fn
    if fixed_skip_fn(fk):
       ~~~~~~~~~~~~~^^^^
  File "D:\Projetos_repositorio\gitLabRepo\homebroker2025\homebroker-python\services\7_artificial_intelligence_service\venv\Lib\site-packages\sqlalchemy\orm\mapper.py", line 4047, in skip
    dep = table_to_mapper.get(fk.column.table)
                              ^^^^^^^^^
  File "D:\Projetos_repositorio\gitLabRepo\homebroker2025\homebroker-python\services\7_artificial_intelligence_service\venv\Lib\site-packages\sqlalchemy\util\langhelpers.py", line 1226, in __get__
    obj.__dict__[self.__name__] = result = self.fget(obj)
                                           ~~~~~~~~~^^^^^
  File "D:\Projetos_repositorio\gitLabRepo\homebroker2025\homebroker-python\services\7_artificial_intelligence_service\venv\Lib\site-packages\sqlalchemy\sql\schema.py", line 3199, in column
    return self._resolve_column()
           ~~~~~~~~~~~~~~~~~~~~^^
  File "D:\Projetos_repositorio\gitLabRepo\homebroker2025\homebroker-python\services\7_artificial_intelligence_service\venv\Lib\site-packages\sqlalchemy\sql\schema.py", line 3222, in _resolve_column
    raise exc.NoReferencedTableError(
    ...<5 lines>...
    )
sqlalchemy.exc.NoReferencedTableError: Foreign key associated with column 'transactions.user_id' could not find table 'public.users' with which to generate a foreign key to target column 'id'
2025-11-18 23:15:47 - uvicorn.error - ERROR - run_asgi:416 - Exception in ASGI application
Traceback (most recent call last):
  File "D:\Projetos_repositorio\gitLabRepo\homebroker2025\homebroker-python\services\7_artificial_intelligence_service\venv\Lib\site-packages\uvicorn\protocols\http\httptools_impl.py", line 411, in run_asgi
    result = await app(  # type: ignore[func-returns-value]
             ^^^^^^^^^^^^^^^^^^^^^^^^^^^^^^^^^^^^^^^^^^^^^^
        self.scope, self.receive, self.send
        ^^^^^^^^^^^^^^^^^^^^^^^^^^^^^^^^^^^
    )
    ^
  File "D:\Projetos_repositorio\gitLabRepo\homebroker2025\homebroker-python\services\7_artificial_intelligence_service\venv\Lib\site-packages\uvicorn\middleware\proxy_headers.py", line 69, in __call__
    return await self.app(scope, receive, send)
           ^^^^^^^^^^^^^^^^^^^^^^^^^^^^^^^^^^^^
  File "D:\Projetos_repositorio\gitLabRepo\homebroker2025\homebroker-python\services\7_artificial_intelligence_service\venv\Lib\site-packages\engineio\async_drivers\asgi.py", line 75, in __call__
    await self.other_asgi_app(scope, receive, send)
  File "D:\Projetos_repositorio\gitLabRepo\homebroker2025\homebroker-python\services\7_artificial_intelligence_service\venv\Lib\site-packages\fastapi\applications.py", line 1054, in __call__
    await super().__call__(scope, receive, send)
  File "D:\Projetos_repositorio\gitLabRepo\homebroker2025\homebroker-python\services\7_artificial_intelligence_service\venv\Lib\site-packages\starlette\applications.py", line 123, in __call__
    await self.middleware_stack(scope, receive, send)
  File "D:\Projetos_repositorio\gitLabRepo\homebroker2025\homebroker-python\services\7_artificial_intelligence_service\venv\Lib\site-packages\starlette\middleware\errors.py", line 186, in __call__
    raise exc
  File "D:\Projetos_repositorio\gitLabRepo\homebroker2025\homebroker-python\services\7_artificial_intelligence_service\venv\Lib\site-packages\starlette\middleware\errors.py", line 164, in __call__
    await self.app(scope, receive, _send)
  File "D:\Projetos_repositorio\gitLabRepo\homebroker2025\homebroker-python\services\7_artificial_intelligence_service\venv\Lib\site-packages\starlette\middleware\cors.py", line 85, in __call__
    await self.app(scope, receive, send)
  File "D:\Projetos_repositorio\gitLabRepo\homebroker2025\homebroker-python\services\7_artificial_intelligence_service\venv\Lib\site-packages\starlette\middleware\base.py", line 191, in __call__
    response = await self.dispatch_func(request, call_next)
               ^^^^^^^^^^^^^^^^^^^^^^^^^^^^^^^^^^^^^^^^^^^^
  File "D:\Projetos_repositorio\gitLabRepo\homebroker2025\homebroker-python\services\7_artificial_intelligence_service\middleware\tracking_middleware.py", line 75, in dispatch
    transaction = TransactionService.create_transaction(
        user_id=user_id,
    ...<4 lines>...
        endpoint=endpoint
    )
  File "D:\Projetos_repositorio\gitLabRepo\homebroker2025\homebroker-python\services\7_artificial_intelligence_service\services\transaction_service.py", line 63, in create_transaction
    db.commit()
    ~~~~~~~~~^^
  File "D:\Projetos_repositorio\gitLabRepo\homebroker2025\homebroker-python\services\7_artificial_intelligence_service\venv\Lib\site-packages\sqlalchemy\orm\session.py", line 2030, in commit
    trans.commit(_to_root=True)
    ~~~~~~~~~~~~^^^^^^^^^^^^^^^
  File "<string>", line 2, in commit
  File "D:\Projetos_repositorio\gitLabRepo\homebroker2025\homebroker-python\services\7_artificial_intelligence_service\venv\Lib\site-packages\sqlalchemy\orm\state_changes.py", line 137, in _go
    ret_value = fn(self, *arg, **kw)
  File "D:\Projetos_repositorio\gitLabRepo\homebroker2025\homebroker-python\services\7_artificial_intelligence_service\venv\Lib\site-packages\sqlalchemy\orm\session.py", line 1311, in commit
    self._prepare_impl()
    ~~~~~~~~~~~~~~~~~~^^
  File "<string>", line 2, in _prepare_impl
  File "D:\Projetos_repositorio\gitLabRepo\homebroker2025\homebroker-python\services\7_artificial_intelligence_service\venv\Lib\site-packages\sqlalchemy\orm\state_changes.py", line 137, in _go
    ret_value = fn(self, *arg, **kw)
  File "D:\Projetos_repositorio\gitLabRepo\homebroker2025\homebroker-python\services\7_artificial_intelligence_service\venv\Lib\site-packages\sqlalchemy\orm\session.py", line 1286, in _prepare_impl
    self.session.flush()
    ~~~~~~~~~~~~~~~~~~^^
  File "D:\Projetos_repositorio\gitLabRepo\homebroker2025\homebroker-python\services\7_artificial_intelligence_service\venv\Lib\site-packages\sqlalchemy\orm\session.py", line 4331, in flush
    self._flush(objects)
    ~~~~~~~~~~~^^^^^^^^^
  File "D:\Projetos_repositorio\gitLabRepo\homebroker2025\homebroker-python\services\7_artificial_intelligence_service\venv\Lib\site-packages\sqlalchemy\orm\session.py", line 4466, in _flush
    with util.safe_reraise():
         ~~~~~~~~~~~~~~~~~^^
  File "D:\Projetos_repositorio\gitLabRepo\homebroker2025\homebroker-python\services\7_artificial_intelligence_service\venv\Lib\site-packages\sqlalchemy\util\langhelpers.py", line 224, in __exit__
    raise exc_value.with_traceback(exc_tb)
  File "D:\Projetos_repositorio\gitLabRepo\homebroker2025\homebroker-python\services\7_artificial_intelligence_service\venv\Lib\site-packages\sqlalchemy\orm\session.py", line 4427, in _flush
    flush_context.execute()
    ~~~~~~~~~~~~~~~~~~~~~^^
  File "D:\Projetos_repositorio\gitLabRepo\homebroker2025\homebroker-python\services\7_artificial_intelligence_service\venv\Lib\site-packages\sqlalchemy\orm\unitofwork.py", line 466, in execute
    rec.execute(self)
    ~~~~~~~~~~~^^^^^^
  File "D:\Projetos_repositorio\gitLabRepo\homebroker2025\homebroker-python\services\7_artificial_intelligence_service\venv\Lib\site-packages\sqlalchemy\orm\unitofwork.py", line 642, in execute
    util.preloaded.orm_persistence.save_obj(
    ~~~~~~~~~~~~~~~~~~~~~~~~~~~~~~~~~~~~~~~^
        self.mapper,
        ^^^^^^^^^^^^
        uow.states_for_mapper_hierarchy(self.mapper, False, False),
        ^^^^^^^^^^^^^^^^^^^^^^^^^^^^^^^^^^^^^^^^^^^^^^^^^^^^^^^^^^^
        uow,
        ^^^^
    )
    ^
  File "D:\Projetos_repositorio\gitLabRepo\homebroker2025\homebroker-python\services\7_artificial_intelligence_service\venv\Lib\site-packages\sqlalchemy\orm\persistence.py", line 76, in save_obj
    for table, mapper in base_mapper._sorted_tables.items():
                         ^^^^^^^^^^^^^^^^^^^^^^^^^^
  File "D:\Projetos_repositorio\gitLabRepo\homebroker2025\homebroker-python\services\7_artificial_intelligence_service\venv\Lib\site-packages\sqlalchemy\util\langhelpers.py", line 1338, in __get__
    obj.__dict__[self.__name__] = result = self.fget(obj)
                                           ~~~~~~~~~^^^^^
  File "D:\Projetos_repositorio\gitLabRepo\homebroker2025\homebroker-python\services\7_artificial_intelligence_service\venv\Lib\site-packages\sqlalchemy\orm\mapper.py", line 4064, in _sorted_tables
    sorted_ = sql_util.sort_tables(
        table_to_mapper,
        skip_fn=skip,
        extra_dependencies=extra_dependencies,
    )
  File "D:\Projetos_repositorio\gitLabRepo\homebroker2025\homebroker-python\services\7_artificial_intelligence_service\venv\Lib\site-packages\sqlalchemy\sql\ddl.py", line 1318, in sort_tables
    for (t, fkcs) in sort_tables_and_constraints(
                     ~~~~~~~~~~~~~~~~~~~~~~~~~~~^
        tables,
        ^^^^^^^
    ...<2 lines>...
        _warn_for_cycles=True,
        ^^^^^^^^^^^^^^^^^^^^^^
    )
    ^
  File "D:\Projetos_repositorio\gitLabRepo\homebroker2025\homebroker-python\services\7_artificial_intelligence_service\venv\Lib\site-packages\sqlalchemy\sql\ddl.py", line 1388, in sort_tables_and_constraints
    filtered = filter_fn(fkc)
  File "D:\Projetos_repositorio\gitLabRepo\homebroker2025\homebroker-python\services\7_artificial_intelligence_service\venv\Lib\site-packages\sqlalchemy\sql\ddl.py", line 1308, in _skip_fn
    if fixed_skip_fn(fk):
       ~~~~~~~~~~~~~^^^^
  File "D:\Projetos_repositorio\gitLabRepo\homebroker2025\homebroker-python\services\7_artificial_intelligence_service\venv\Lib\site-packages\sqlalchemy\orm\mapper.py", line 4047, in skip
    dep = table_to_mapper.get(fk.column.table)
                              ^^^^^^^^^
  File "D:\Projetos_repositorio\gitLabRepo\homebroker2025\homebroker-python\services\7_artificial_intelligence_service\venv\Lib\site-packages\sqlalchemy\util\langhelpers.py", line 1226, in __get__
    obj.__dict__[self.__name__] = result = self.fget(obj)
                                           ~~~~~~~~~^^^^^
  File "D:\Projetos_repositorio\gitLabRepo\homebroker2025\homebroker-python\services\7_artificial_intelligence_service\venv\Lib\site-packages\sqlalchemy\sql\schema.py", line 3199, in column
    return self._resolve_column()
           ~~~~~~~~~~~~~~~~~~~~^^
  File "D:\Projetos_repositorio\gitLabRepo\homebroker2025\homebroker-python\services\7_artificial_intelligence_service\venv\Lib\site-packages\sqlalchemy\sql\schema.py", line 3222, in _resolve_column
    raise exc.NoReferencedTableError(
    ...<5 lines>...
    )
sqlalchemy.exc.NoReferencedTableError: Foreign key associated with column 'transactions.user_id' could not find table 'public.users' with which to generate a foreign key to target column 'id'
2025-11-18 23:16:29 - chatbot_middleware - INFO - configure_logging:91 - Sistema de logging configurado com nível: INFO
2025-11-18 23:16:29 - uvicorn.error - INFO - _serve:82 - Started server process [31196]
2025-11-18 23:16:29 - uvicorn.error - INFO - startup:48 - Waiting for application startup.
2025-11-18 23:16:29 - chatbot_middleware - INFO - startup_event:69 - Iniciando Chatbot Middleware API...
2025-11-18 23:16:29 - chatbot_middleware - INFO - startup_event:74 - Banco de dados inicializado com sucesso
2025-11-18 23:16:29 - chatbot_middleware - INFO - startup_event:78 - Chatbot Middleware API iniciada com sucesso!
2025-11-18 23:16:29 - uvicorn.error - INFO - startup:62 - Application startup complete.
2025-11-18 23:16:46 - uvicorn.error - ERROR - run_asgi:416 - Exception in ASGI application
Traceback (most recent call last):
  File "D:\Projetos_repositorio\gitLabRepo\homebroker2025\homebroker-python\services\7_artificial_intelligence_service\venv\Lib\site-packages\uvicorn\protocols\http\httptools_impl.py", line 411, in run_asgi
    result = await app(  # type: ignore[func-returns-value]
             ^^^^^^^^^^^^^^^^^^^^^^^^^^^^^^^^^^^^^^^^^^^^^^
        self.scope, self.receive, self.send
        ^^^^^^^^^^^^^^^^^^^^^^^^^^^^^^^^^^^
    )
    ^
  File "D:\Projetos_repositorio\gitLabRepo\homebroker2025\homebroker-python\services\7_artificial_intelligence_service\venv\Lib\site-packages\uvicorn\middleware\proxy_headers.py", line 69, in __call__
    return await self.app(scope, receive, send)
           ^^^^^^^^^^^^^^^^^^^^^^^^^^^^^^^^^^^^
  File "D:\Projetos_repositorio\gitLabRepo\homebroker2025\homebroker-python\services\7_artificial_intelligence_service\venv\Lib\site-packages\engineio\async_drivers\asgi.py", line 75, in __call__
    await self.other_asgi_app(scope, receive, send)
  File "D:\Projetos_repositorio\gitLabRepo\homebroker2025\homebroker-python\services\7_artificial_intelligence_service\venv\Lib\site-packages\fastapi\applications.py", line 1054, in __call__
    await super().__call__(scope, receive, send)
  File "D:\Projetos_repositorio\gitLabRepo\homebroker2025\homebroker-python\services\7_artificial_intelligence_service\venv\Lib\site-packages\starlette\applications.py", line 123, in __call__
    await self.middleware_stack(scope, receive, send)
  File "D:\Projetos_repositorio\gitLabRepo\homebroker2025\homebroker-python\services\7_artificial_intelligence_service\venv\Lib\site-packages\starlette\middleware\errors.py", line 186, in __call__
    raise exc
  File "D:\Projetos_repositorio\gitLabRepo\homebroker2025\homebroker-python\services\7_artificial_intelligence_service\venv\Lib\site-packages\starlette\middleware\errors.py", line 164, in __call__
    await self.app(scope, receive, _send)
  File "D:\Projetos_repositorio\gitLabRepo\homebroker2025\homebroker-python\services\7_artificial_intelligence_service\venv\Lib\site-packages\starlette\middleware\cors.py", line 85, in __call__
    await self.app(scope, receive, send)
  File "D:\Projetos_repositorio\gitLabRepo\homebroker2025\homebroker-python\services\7_artificial_intelligence_service\venv\Lib\site-packages\starlette\middleware\base.py", line 191, in __call__
    response = await self.dispatch_func(request, call_next)
               ^^^^^^^^^^^^^^^^^^^^^^^^^^^^^^^^^^^^^^^^^^^^
  File "D:\Projetos_repositorio\gitLabRepo\homebroker2025\homebroker-python\services\7_artificial_intelligence_service\middleware\tracking_middleware.py", line 75, in dispatch
    transaction = TransactionService.create_transaction(
        user_id=user_id,
    ...<4 lines>...
        endpoint=endpoint
    )
  File "D:\Projetos_repositorio\gitLabRepo\homebroker2025\homebroker-python\services\7_artificial_intelligence_service\services\transaction_service.py", line 63, in create_transaction
    db.commit()
    ~~~~~~~~~^^
  File "D:\Projetos_repositorio\gitLabRepo\homebroker2025\homebroker-python\services\7_artificial_intelligence_service\venv\Lib\site-packages\sqlalchemy\orm\session.py", line 2030, in commit
    trans.commit(_to_root=True)
    ~~~~~~~~~~~~^^^^^^^^^^^^^^^
  File "<string>", line 2, in commit
  File "D:\Projetos_repositorio\gitLabRepo\homebroker2025\homebroker-python\services\7_artificial_intelligence_service\venv\Lib\site-packages\sqlalchemy\orm\state_changes.py", line 137, in _go
    ret_value = fn(self, *arg, **kw)
  File "D:\Projetos_repositorio\gitLabRepo\homebroker2025\homebroker-python\services\7_artificial_intelligence_service\venv\Lib\site-packages\sqlalchemy\orm\session.py", line 1311, in commit
    self._prepare_impl()
    ~~~~~~~~~~~~~~~~~~^^
  File "<string>", line 2, in _prepare_impl
  File "D:\Projetos_repositorio\gitLabRepo\homebroker2025\homebroker-python\services\7_artificial_intelligence_service\venv\Lib\site-packages\sqlalchemy\orm\state_changes.py", line 137, in _go
    ret_value = fn(self, *arg, **kw)
  File "D:\Projetos_repositorio\gitLabRepo\homebroker2025\homebroker-python\services\7_artificial_intelligence_service\venv\Lib\site-packages\sqlalchemy\orm\session.py", line 1286, in _prepare_impl
    self.session.flush()
    ~~~~~~~~~~~~~~~~~~^^
  File "D:\Projetos_repositorio\gitLabRepo\homebroker2025\homebroker-python\services\7_artificial_intelligence_service\venv\Lib\site-packages\sqlalchemy\orm\session.py", line 4331, in flush
    self._flush(objects)
    ~~~~~~~~~~~^^^^^^^^^
  File "D:\Projetos_repositorio\gitLabRepo\homebroker2025\homebroker-python\services\7_artificial_intelligence_service\venv\Lib\site-packages\sqlalchemy\orm\session.py", line 4466, in _flush
    with util.safe_reraise():
         ~~~~~~~~~~~~~~~~~^^
  File "D:\Projetos_repositorio\gitLabRepo\homebroker2025\homebroker-python\services\7_artificial_intelligence_service\venv\Lib\site-packages\sqlalchemy\util\langhelpers.py", line 224, in __exit__
    raise exc_value.with_traceback(exc_tb)
  File "D:\Projetos_repositorio\gitLabRepo\homebroker2025\homebroker-python\services\7_artificial_intelligence_service\venv\Lib\site-packages\sqlalchemy\orm\session.py", line 4427, in _flush
    flush_context.execute()
    ~~~~~~~~~~~~~~~~~~~~~^^
  File "D:\Projetos_repositorio\gitLabRepo\homebroker2025\homebroker-python\services\7_artificial_intelligence_service\venv\Lib\site-packages\sqlalchemy\orm\unitofwork.py", line 466, in execute
    rec.execute(self)
    ~~~~~~~~~~~^^^^^^
  File "D:\Projetos_repositorio\gitLabRepo\homebroker2025\homebroker-python\services\7_artificial_intelligence_service\venv\Lib\site-packages\sqlalchemy\orm\unitofwork.py", line 642, in execute
    util.preloaded.orm_persistence.save_obj(
    ~~~~~~~~~~~~~~~~~~~~~~~~~~~~~~~~~~~~~~~^
        self.mapper,
        ^^^^^^^^^^^^
        uow.states_for_mapper_hierarchy(self.mapper, False, False),
        ^^^^^^^^^^^^^^^^^^^^^^^^^^^^^^^^^^^^^^^^^^^^^^^^^^^^^^^^^^^
        uow,
        ^^^^
    )
    ^
  File "D:\Projetos_repositorio\gitLabRepo\homebroker2025\homebroker-python\services\7_artificial_intelligence_service\venv\Lib\site-packages\sqlalchemy\orm\persistence.py", line 76, in save_obj
    for table, mapper in base_mapper._sorted_tables.items():
                         ^^^^^^^^^^^^^^^^^^^^^^^^^^
  File "D:\Projetos_repositorio\gitLabRepo\homebroker2025\homebroker-python\services\7_artificial_intelligence_service\venv\Lib\site-packages\sqlalchemy\util\langhelpers.py", line 1338, in __get__
    obj.__dict__[self.__name__] = result = self.fget(obj)
                                           ~~~~~~~~~^^^^^
  File "D:\Projetos_repositorio\gitLabRepo\homebroker2025\homebroker-python\services\7_artificial_intelligence_service\venv\Lib\site-packages\sqlalchemy\orm\mapper.py", line 4064, in _sorted_tables
    sorted_ = sql_util.sort_tables(
        table_to_mapper,
        skip_fn=skip,
        extra_dependencies=extra_dependencies,
    )
  File "D:\Projetos_repositorio\gitLabRepo\homebroker2025\homebroker-python\services\7_artificial_intelligence_service\venv\Lib\site-packages\sqlalchemy\sql\ddl.py", line 1318, in sort_tables
    for (t, fkcs) in sort_tables_and_constraints(
                     ~~~~~~~~~~~~~~~~~~~~~~~~~~~^
        tables,
        ^^^^^^^
    ...<2 lines>...
        _warn_for_cycles=True,
        ^^^^^^^^^^^^^^^^^^^^^^
    )
    ^
  File "D:\Projetos_repositorio\gitLabRepo\homebroker2025\homebroker-python\services\7_artificial_intelligence_service\venv\Lib\site-packages\sqlalchemy\sql\ddl.py", line 1388, in sort_tables_and_constraints
    filtered = filter_fn(fkc)
  File "D:\Projetos_repositorio\gitLabRepo\homebroker2025\homebroker-python\services\7_artificial_intelligence_service\venv\Lib\site-packages\sqlalchemy\sql\ddl.py", line 1308, in _skip_fn
    if fixed_skip_fn(fk):
       ~~~~~~~~~~~~~^^^^
  File "D:\Projetos_repositorio\gitLabRepo\homebroker2025\homebroker-python\services\7_artificial_intelligence_service\venv\Lib\site-packages\sqlalchemy\orm\mapper.py", line 4047, in skip
    dep = table_to_mapper.get(fk.column.table)
                              ^^^^^^^^^
  File "D:\Projetos_repositorio\gitLabRepo\homebroker2025\homebroker-python\services\7_artificial_intelligence_service\venv\Lib\site-packages\sqlalchemy\util\langhelpers.py", line 1226, in __get__
    obj.__dict__[self.__name__] = result = self.fget(obj)
                                           ~~~~~~~~~^^^^^
  File "D:\Projetos_repositorio\gitLabRepo\homebroker2025\homebroker-python\services\7_artificial_intelligence_service\venv\Lib\site-packages\sqlalchemy\sql\schema.py", line 3199, in column
    return self._resolve_column()
           ~~~~~~~~~~~~~~~~~~~~^^
  File "D:\Projetos_repositorio\gitLabRepo\homebroker2025\homebroker-python\services\7_artificial_intelligence_service\venv\Lib\site-packages\sqlalchemy\sql\schema.py", line 3222, in _resolve_column
    raise exc.NoReferencedTableError(
    ...<5 lines>...
    )
sqlalchemy.exc.NoReferencedTableError: Foreign key associated with column 'transactions.user_id' could not find table 'public.users' with which to generate a foreign key to target column 'id'
2025-11-18 23:17:04 - uvicorn.error - ERROR - run_asgi:416 - Exception in ASGI application
Traceback (most recent call last):
  File "D:\Projetos_repositorio\gitLabRepo\homebroker2025\homebroker-python\services\7_artificial_intelligence_service\venv\Lib\site-packages\uvicorn\protocols\http\httptools_impl.py", line 411, in run_asgi
    result = await app(  # type: ignore[func-returns-value]
             ^^^^^^^^^^^^^^^^^^^^^^^^^^^^^^^^^^^^^^^^^^^^^^
        self.scope, self.receive, self.send
        ^^^^^^^^^^^^^^^^^^^^^^^^^^^^^^^^^^^
    )
    ^
  File "D:\Projetos_repositorio\gitLabRepo\homebroker2025\homebroker-python\services\7_artificial_intelligence_service\venv\Lib\site-packages\uvicorn\middleware\proxy_headers.py", line 69, in __call__
    return await self.app(scope, receive, send)
           ^^^^^^^^^^^^^^^^^^^^^^^^^^^^^^^^^^^^
  File "D:\Projetos_repositorio\gitLabRepo\homebroker2025\homebroker-python\services\7_artificial_intelligence_service\venv\Lib\site-packages\engineio\async_drivers\asgi.py", line 75, in __call__
    await self.other_asgi_app(scope, receive, send)
  File "D:\Projetos_repositorio\gitLabRepo\homebroker2025\homebroker-python\services\7_artificial_intelligence_service\venv\Lib\site-packages\fastapi\applications.py", line 1054, in __call__
    await super().__call__(scope, receive, send)
  File "D:\Projetos_repositorio\gitLabRepo\homebroker2025\homebroker-python\services\7_artificial_intelligence_service\venv\Lib\site-packages\starlette\applications.py", line 123, in __call__
    await self.middleware_stack(scope, receive, send)
  File "D:\Projetos_repositorio\gitLabRepo\homebroker2025\homebroker-python\services\7_artificial_intelligence_service\venv\Lib\site-packages\starlette\middleware\errors.py", line 186, in __call__
    raise exc
  File "D:\Projetos_repositorio\gitLabRepo\homebroker2025\homebroker-python\services\7_artificial_intelligence_service\venv\Lib\site-packages\starlette\middleware\errors.py", line 164, in __call__
    await self.app(scope, receive, _send)
  File "D:\Projetos_repositorio\gitLabRepo\homebroker2025\homebroker-python\services\7_artificial_intelligence_service\venv\Lib\site-packages\starlette\middleware\cors.py", line 85, in __call__
    await self.app(scope, receive, send)
  File "D:\Projetos_repositorio\gitLabRepo\homebroker2025\homebroker-python\services\7_artificial_intelligence_service\venv\Lib\site-packages\starlette\middleware\base.py", line 191, in __call__
    response = await self.dispatch_func(request, call_next)
               ^^^^^^^^^^^^^^^^^^^^^^^^^^^^^^^^^^^^^^^^^^^^
  File "D:\Projetos_repositorio\gitLabRepo\homebroker2025\homebroker-python\services\7_artificial_intelligence_service\middleware\tracking_middleware.py", line 75, in dispatch
    transaction = TransactionService.create_transaction(
        user_id=user_id,
    ...<4 lines>...
        endpoint=endpoint
    )
  File "D:\Projetos_repositorio\gitLabRepo\homebroker2025\homebroker-python\services\7_artificial_intelligence_service\services\transaction_service.py", line 63, in create_transaction
    db.commit()
    ~~~~~~~~~^^
  File "D:\Projetos_repositorio\gitLabRepo\homebroker2025\homebroker-python\services\7_artificial_intelligence_service\venv\Lib\site-packages\sqlalchemy\orm\session.py", line 2030, in commit
    trans.commit(_to_root=True)
    ~~~~~~~~~~~~^^^^^^^^^^^^^^^
  File "<string>", line 2, in commit
  File "D:\Projetos_repositorio\gitLabRepo\homebroker2025\homebroker-python\services\7_artificial_intelligence_service\venv\Lib\site-packages\sqlalchemy\orm\state_changes.py", line 137, in _go
    ret_value = fn(self, *arg, **kw)
  File "D:\Projetos_repositorio\gitLabRepo\homebroker2025\homebroker-python\services\7_artificial_intelligence_service\venv\Lib\site-packages\sqlalchemy\orm\session.py", line 1311, in commit
    self._prepare_impl()
    ~~~~~~~~~~~~~~~~~~^^
  File "<string>", line 2, in _prepare_impl
  File "D:\Projetos_repositorio\gitLabRepo\homebroker2025\homebroker-python\services\7_artificial_intelligence_service\venv\Lib\site-packages\sqlalchemy\orm\state_changes.py", line 137, in _go
    ret_value = fn(self, *arg, **kw)
  File "D:\Projetos_repositorio\gitLabRepo\homebroker2025\homebroker-python\services\7_artificial_intelligence_service\venv\Lib\site-packages\sqlalchemy\orm\session.py", line 1286, in _prepare_impl
    self.session.flush()
    ~~~~~~~~~~~~~~~~~~^^
  File "D:\Projetos_repositorio\gitLabRepo\homebroker2025\homebroker-python\services\7_artificial_intelligence_service\venv\Lib\site-packages\sqlalchemy\orm\session.py", line 4331, in flush
    self._flush(objects)
    ~~~~~~~~~~~^^^^^^^^^
  File "D:\Projetos_repositorio\gitLabRepo\homebroker2025\homebroker-python\services\7_artificial_intelligence_service\venv\Lib\site-packages\sqlalchemy\orm\session.py", line 4466, in _flush
    with util.safe_reraise():
         ~~~~~~~~~~~~~~~~~^^
  File "D:\Projetos_repositorio\gitLabRepo\homebroker2025\homebroker-python\services\7_artificial_intelligence_service\venv\Lib\site-packages\sqlalchemy\util\langhelpers.py", line 224, in __exit__
    raise exc_value.with_traceback(exc_tb)
  File "D:\Projetos_repositorio\gitLabRepo\homebroker2025\homebroker-python\services\7_artificial_intelligence_service\venv\Lib\site-packages\sqlalchemy\orm\session.py", line 4427, in _flush
    flush_context.execute()
    ~~~~~~~~~~~~~~~~~~~~~^^
  File "D:\Projetos_repositorio\gitLabRepo\homebroker2025\homebroker-python\services\7_artificial_intelligence_service\venv\Lib\site-packages\sqlalchemy\orm\unitofwork.py", line 466, in execute
    rec.execute(self)
    ~~~~~~~~~~~^^^^^^
  File "D:\Projetos_repositorio\gitLabRepo\homebroker2025\homebroker-python\services\7_artificial_intelligence_service\venv\Lib\site-packages\sqlalchemy\orm\unitofwork.py", line 642, in execute
    util.preloaded.orm_persistence.save_obj(
    ~~~~~~~~~~~~~~~~~~~~~~~~~~~~~~~~~~~~~~~^
        self.mapper,
        ^^^^^^^^^^^^
        uow.states_for_mapper_hierarchy(self.mapper, False, False),
        ^^^^^^^^^^^^^^^^^^^^^^^^^^^^^^^^^^^^^^^^^^^^^^^^^^^^^^^^^^^
        uow,
        ^^^^
    )
    ^
  File "D:\Projetos_repositorio\gitLabRepo\homebroker2025\homebroker-python\services\7_artificial_intelligence_service\venv\Lib\site-packages\sqlalchemy\orm\persistence.py", line 76, in save_obj
    for table, mapper in base_mapper._sorted_tables.items():
                         ^^^^^^^^^^^^^^^^^^^^^^^^^^
  File "D:\Projetos_repositorio\gitLabRepo\homebroker2025\homebroker-python\services\7_artificial_intelligence_service\venv\Lib\site-packages\sqlalchemy\util\langhelpers.py", line 1338, in __get__
    obj.__dict__[self.__name__] = result = self.fget(obj)
                                           ~~~~~~~~~^^^^^
  File "D:\Projetos_repositorio\gitLabRepo\homebroker2025\homebroker-python\services\7_artificial_intelligence_service\venv\Lib\site-packages\sqlalchemy\orm\mapper.py", line 4064, in _sorted_tables
    sorted_ = sql_util.sort_tables(
        table_to_mapper,
        skip_fn=skip,
        extra_dependencies=extra_dependencies,
    )
  File "D:\Projetos_repositorio\gitLabRepo\homebroker2025\homebroker-python\services\7_artificial_intelligence_service\venv\Lib\site-packages\sqlalchemy\sql\ddl.py", line 1318, in sort_tables
    for (t, fkcs) in sort_tables_and_constraints(
                     ~~~~~~~~~~~~~~~~~~~~~~~~~~~^
        tables,
        ^^^^^^^
    ...<2 lines>...
        _warn_for_cycles=True,
        ^^^^^^^^^^^^^^^^^^^^^^
    )
    ^
  File "D:\Projetos_repositorio\gitLabRepo\homebroker2025\homebroker-python\services\7_artificial_intelligence_service\venv\Lib\site-packages\sqlalchemy\sql\ddl.py", line 1388, in sort_tables_and_constraints
    filtered = filter_fn(fkc)
  File "D:\Projetos_repositorio\gitLabRepo\homebroker2025\homebroker-python\services\7_artificial_intelligence_service\venv\Lib\site-packages\sqlalchemy\sql\ddl.py", line 1308, in _skip_fn
    if fixed_skip_fn(fk):
       ~~~~~~~~~~~~~^^^^
  File "D:\Projetos_repositorio\gitLabRepo\homebroker2025\homebroker-python\services\7_artificial_intelligence_service\venv\Lib\site-packages\sqlalchemy\orm\mapper.py", line 4047, in skip
    dep = table_to_mapper.get(fk.column.table)
                              ^^^^^^^^^
  File "D:\Projetos_repositorio\gitLabRepo\homebroker2025\homebroker-python\services\7_artificial_intelligence_service\venv\Lib\site-packages\sqlalchemy\util\langhelpers.py", line 1226, in __get__
    obj.__dict__[self.__name__] = result = self.fget(obj)
                                           ~~~~~~~~~^^^^^
  File "D:\Projetos_repositorio\gitLabRepo\homebroker2025\homebroker-python\services\7_artificial_intelligence_service\venv\Lib\site-packages\sqlalchemy\sql\schema.py", line 3199, in column
    return self._resolve_column()
           ~~~~~~~~~~~~~~~~~~~~^^
  File "D:\Projetos_repositorio\gitLabRepo\homebroker2025\homebroker-python\services\7_artificial_intelligence_service\venv\Lib\site-packages\sqlalchemy\sql\schema.py", line 3222, in _resolve_column
    raise exc.NoReferencedTableError(
    ...<5 lines>...
    )
sqlalchemy.exc.NoReferencedTableError: Foreign key associated with column 'transactions.user_id' could not find table 'public.users' with which to generate a foreign key to target column 'id'
2025-11-18 23:17:24 - uvicorn.error - ERROR - run_asgi:416 - Exception in ASGI application
Traceback (most recent call last):
  File "D:\Projetos_repositorio\gitLabRepo\homebroker2025\homebroker-python\services\7_artificial_intelligence_service\venv\Lib\site-packages\uvicorn\protocols\http\httptools_impl.py", line 411, in run_asgi
    result = await app(  # type: ignore[func-returns-value]
             ^^^^^^^^^^^^^^^^^^^^^^^^^^^^^^^^^^^^^^^^^^^^^^
        self.scope, self.receive, self.send
        ^^^^^^^^^^^^^^^^^^^^^^^^^^^^^^^^^^^
    )
    ^
  File "D:\Projetos_repositorio\gitLabRepo\homebroker2025\homebroker-python\services\7_artificial_intelligence_service\venv\Lib\site-packages\uvicorn\middleware\proxy_headers.py", line 69, in __call__
    return await self.app(scope, receive, send)
           ^^^^^^^^^^^^^^^^^^^^^^^^^^^^^^^^^^^^
  File "D:\Projetos_repositorio\gitLabRepo\homebroker2025\homebroker-python\services\7_artificial_intelligence_service\venv\Lib\site-packages\engineio\async_drivers\asgi.py", line 75, in __call__
    await self.other_asgi_app(scope, receive, send)
  File "D:\Projetos_repositorio\gitLabRepo\homebroker2025\homebroker-python\services\7_artificial_intelligence_service\venv\Lib\site-packages\fastapi\applications.py", line 1054, in __call__
    await super().__call__(scope, receive, send)
  File "D:\Projetos_repositorio\gitLabRepo\homebroker2025\homebroker-python\services\7_artificial_intelligence_service\venv\Lib\site-packages\starlette\applications.py", line 123, in __call__
    await self.middleware_stack(scope, receive, send)
  File "D:\Projetos_repositorio\gitLabRepo\homebroker2025\homebroker-python\services\7_artificial_intelligence_service\venv\Lib\site-packages\starlette\middleware\errors.py", line 186, in __call__
    raise exc
  File "D:\Projetos_repositorio\gitLabRepo\homebroker2025\homebroker-python\services\7_artificial_intelligence_service\venv\Lib\site-packages\starlette\middleware\errors.py", line 164, in __call__
    await self.app(scope, receive, _send)
  File "D:\Projetos_repositorio\gitLabRepo\homebroker2025\homebroker-python\services\7_artificial_intelligence_service\venv\Lib\site-packages\starlette\middleware\cors.py", line 85, in __call__
    await self.app(scope, receive, send)
  File "D:\Projetos_repositorio\gitLabRepo\homebroker2025\homebroker-python\services\7_artificial_intelligence_service\venv\Lib\site-packages\starlette\middleware\base.py", line 191, in __call__
    response = await self.dispatch_func(request, call_next)
               ^^^^^^^^^^^^^^^^^^^^^^^^^^^^^^^^^^^^^^^^^^^^
  File "D:\Projetos_repositorio\gitLabRepo\homebroker2025\homebroker-python\services\7_artificial_intelligence_service\middleware\tracking_middleware.py", line 75, in dispatch
    transaction = TransactionService.create_transaction(
        user_id=user_id,
    ...<4 lines>...
        endpoint=endpoint
    )
  File "D:\Projetos_repositorio\gitLabRepo\homebroker2025\homebroker-python\services\7_artificial_intelligence_service\services\transaction_service.py", line 63, in create_transaction
    db.commit()
    ~~~~~~~~~^^
  File "D:\Projetos_repositorio\gitLabRepo\homebroker2025\homebroker-python\services\7_artificial_intelligence_service\venv\Lib\site-packages\sqlalchemy\orm\session.py", line 2030, in commit
    trans.commit(_to_root=True)
    ~~~~~~~~~~~~^^^^^^^^^^^^^^^
  File "<string>", line 2, in commit
  File "D:\Projetos_repositorio\gitLabRepo\homebroker2025\homebroker-python\services\7_artificial_intelligence_service\venv\Lib\site-packages\sqlalchemy\orm\state_changes.py", line 137, in _go
    ret_value = fn(self, *arg, **kw)
  File "D:\Projetos_repositorio\gitLabRepo\homebroker2025\homebroker-python\services\7_artificial_intelligence_service\venv\Lib\site-packages\sqlalchemy\orm\session.py", line 1311, in commit
    self._prepare_impl()
    ~~~~~~~~~~~~~~~~~~^^
  File "<string>", line 2, in _prepare_impl
  File "D:\Projetos_repositorio\gitLabRepo\homebroker2025\homebroker-python\services\7_artificial_intelligence_service\venv\Lib\site-packages\sqlalchemy\orm\state_changes.py", line 137, in _go
    ret_value = fn(self, *arg, **kw)
  File "D:\Projetos_repositorio\gitLabRepo\homebroker2025\homebroker-python\services\7_artificial_intelligence_service\venv\Lib\site-packages\sqlalchemy\orm\session.py", line 1286, in _prepare_impl
    self.session.flush()
    ~~~~~~~~~~~~~~~~~~^^
  File "D:\Projetos_repositorio\gitLabRepo\homebroker2025\homebroker-python\services\7_artificial_intelligence_service\venv\Lib\site-packages\sqlalchemy\orm\session.py", line 4331, in flush
    self._flush(objects)
    ~~~~~~~~~~~^^^^^^^^^
  File "D:\Projetos_repositorio\gitLabRepo\homebroker2025\homebroker-python\services\7_artificial_intelligence_service\venv\Lib\site-packages\sqlalchemy\orm\session.py", line 4466, in _flush
    with util.safe_reraise():
         ~~~~~~~~~~~~~~~~~^^
  File "D:\Projetos_repositorio\gitLabRepo\homebroker2025\homebroker-python\services\7_artificial_intelligence_service\venv\Lib\site-packages\sqlalchemy\util\langhelpers.py", line 224, in __exit__
    raise exc_value.with_traceback(exc_tb)
  File "D:\Projetos_repositorio\gitLabRepo\homebroker2025\homebroker-python\services\7_artificial_intelligence_service\venv\Lib\site-packages\sqlalchemy\orm\session.py", line 4427, in _flush
    flush_context.execute()
    ~~~~~~~~~~~~~~~~~~~~~^^
  File "D:\Projetos_repositorio\gitLabRepo\homebroker2025\homebroker-python\services\7_artificial_intelligence_service\venv\Lib\site-packages\sqlalchemy\orm\unitofwork.py", line 466, in execute
    rec.execute(self)
    ~~~~~~~~~~~^^^^^^
  File "D:\Projetos_repositorio\gitLabRepo\homebroker2025\homebroker-python\services\7_artificial_intelligence_service\venv\Lib\site-packages\sqlalchemy\orm\unitofwork.py", line 642, in execute
    util.preloaded.orm_persistence.save_obj(
    ~~~~~~~~~~~~~~~~~~~~~~~~~~~~~~~~~~~~~~~^
        self.mapper,
        ^^^^^^^^^^^^
        uow.states_for_mapper_hierarchy(self.mapper, False, False),
        ^^^^^^^^^^^^^^^^^^^^^^^^^^^^^^^^^^^^^^^^^^^^^^^^^^^^^^^^^^^
        uow,
        ^^^^
    )
    ^
  File "D:\Projetos_repositorio\gitLabRepo\homebroker2025\homebroker-python\services\7_artificial_intelligence_service\venv\Lib\site-packages\sqlalchemy\orm\persistence.py", line 76, in save_obj
    for table, mapper in base_mapper._sorted_tables.items():
                         ^^^^^^^^^^^^^^^^^^^^^^^^^^
  File "D:\Projetos_repositorio\gitLabRepo\homebroker2025\homebroker-python\services\7_artificial_intelligence_service\venv\Lib\site-packages\sqlalchemy\util\langhelpers.py", line 1338, in __get__
    obj.__dict__[self.__name__] = result = self.fget(obj)
                                           ~~~~~~~~~^^^^^
  File "D:\Projetos_repositorio\gitLabRepo\homebroker2025\homebroker-python\services\7_artificial_intelligence_service\venv\Lib\site-packages\sqlalchemy\orm\mapper.py", line 4064, in _sorted_tables
    sorted_ = sql_util.sort_tables(
        table_to_mapper,
        skip_fn=skip,
        extra_dependencies=extra_dependencies,
    )
  File "D:\Projetos_repositorio\gitLabRepo\homebroker2025\homebroker-python\services\7_artificial_intelligence_service\venv\Lib\site-packages\sqlalchemy\sql\ddl.py", line 1318, in sort_tables
    for (t, fkcs) in sort_tables_and_constraints(
                     ~~~~~~~~~~~~~~~~~~~~~~~~~~~^
        tables,
        ^^^^^^^
    ...<2 lines>...
        _warn_for_cycles=True,
        ^^^^^^^^^^^^^^^^^^^^^^
    )
    ^
  File "D:\Projetos_repositorio\gitLabRepo\homebroker2025\homebroker-python\services\7_artificial_intelligence_service\venv\Lib\site-packages\sqlalchemy\sql\ddl.py", line 1388, in sort_tables_and_constraints
    filtered = filter_fn(fkc)
  File "D:\Projetos_repositorio\gitLabRepo\homebroker2025\homebroker-python\services\7_artificial_intelligence_service\venv\Lib\site-packages\sqlalchemy\sql\ddl.py", line 1308, in _skip_fn
    if fixed_skip_fn(fk):
       ~~~~~~~~~~~~~^^^^
  File "D:\Projetos_repositorio\gitLabRepo\homebroker2025\homebroker-python\services\7_artificial_intelligence_service\venv\Lib\site-packages\sqlalchemy\orm\mapper.py", line 4047, in skip
    dep = table_to_mapper.get(fk.column.table)
                              ^^^^^^^^^
  File "D:\Projetos_repositorio\gitLabRepo\homebroker2025\homebroker-python\services\7_artificial_intelligence_service\venv\Lib\site-packages\sqlalchemy\util\langhelpers.py", line 1226, in __get__
    obj.__dict__[self.__name__] = result = self.fget(obj)
                                           ~~~~~~~~~^^^^^
  File "D:\Projetos_repositorio\gitLabRepo\homebroker2025\homebroker-python\services\7_artificial_intelligence_service\venv\Lib\site-packages\sqlalchemy\sql\schema.py", line 3199, in column
    return self._resolve_column()
           ~~~~~~~~~~~~~~~~~~~~^^
  File "D:\Projetos_repositorio\gitLabRepo\homebroker2025\homebroker-python\services\7_artificial_intelligence_service\venv\Lib\site-packages\sqlalchemy\sql\schema.py", line 3222, in _resolve_column
    raise exc.NoReferencedTableError(
    ...<5 lines>...
    )
sqlalchemy.exc.NoReferencedTableError: Foreign key associated with column 'transactions.user_id' could not find table 'public.users' with which to generate a foreign key to target column 'id'
2025-11-18 23:18:09 - uvicorn.error - ERROR - run_asgi:416 - Exception in ASGI application
Traceback (most recent call last):
  File "D:\Projetos_repositorio\gitLabRepo\homebroker2025\homebroker-python\services\7_artificial_intelligence_service\venv\Lib\site-packages\uvicorn\protocols\http\httptools_impl.py", line 411, in run_asgi
    result = await app(  # type: ignore[func-returns-value]
             ^^^^^^^^^^^^^^^^^^^^^^^^^^^^^^^^^^^^^^^^^^^^^^
        self.scope, self.receive, self.send
        ^^^^^^^^^^^^^^^^^^^^^^^^^^^^^^^^^^^
    )
    ^
  File "D:\Projetos_repositorio\gitLabRepo\homebroker2025\homebroker-python\services\7_artificial_intelligence_service\venv\Lib\site-packages\uvicorn\middleware\proxy_headers.py", line 69, in __call__
    return await self.app(scope, receive, send)
           ^^^^^^^^^^^^^^^^^^^^^^^^^^^^^^^^^^^^
  File "D:\Projetos_repositorio\gitLabRepo\homebroker2025\homebroker-python\services\7_artificial_intelligence_service\venv\Lib\site-packages\engineio\async_drivers\asgi.py", line 75, in __call__
    await self.other_asgi_app(scope, receive, send)
  File "D:\Projetos_repositorio\gitLabRepo\homebroker2025\homebroker-python\services\7_artificial_intelligence_service\venv\Lib\site-packages\fastapi\applications.py", line 1054, in __call__
    await super().__call__(scope, receive, send)
  File "D:\Projetos_repositorio\gitLabRepo\homebroker2025\homebroker-python\services\7_artificial_intelligence_service\venv\Lib\site-packages\starlette\applications.py", line 123, in __call__
    await self.middleware_stack(scope, receive, send)
  File "D:\Projetos_repositorio\gitLabRepo\homebroker2025\homebroker-python\services\7_artificial_intelligence_service\venv\Lib\site-packages\starlette\middleware\errors.py", line 186, in __call__
    raise exc
  File "D:\Projetos_repositorio\gitLabRepo\homebroker2025\homebroker-python\services\7_artificial_intelligence_service\venv\Lib\site-packages\starlette\middleware\errors.py", line 164, in __call__
    await self.app(scope, receive, _send)
  File "D:\Projetos_repositorio\gitLabRepo\homebroker2025\homebroker-python\services\7_artificial_intelligence_service\venv\Lib\site-packages\starlette\middleware\cors.py", line 85, in __call__
    await self.app(scope, receive, send)
  File "D:\Projetos_repositorio\gitLabRepo\homebroker2025\homebroker-python\services\7_artificial_intelligence_service\venv\Lib\site-packages\starlette\middleware\base.py", line 191, in __call__
    response = await self.dispatch_func(request, call_next)
               ^^^^^^^^^^^^^^^^^^^^^^^^^^^^^^^^^^^^^^^^^^^^
  File "D:\Projetos_repositorio\gitLabRepo\homebroker2025\homebroker-python\services\7_artificial_intelligence_service\middleware\tracking_middleware.py", line 75, in dispatch
    transaction = TransactionService.create_transaction(
        user_id=user_id,
    ...<4 lines>...
        endpoint=endpoint
    )
  File "D:\Projetos_repositorio\gitLabRepo\homebroker2025\homebroker-python\services\7_artificial_intelligence_service\services\transaction_service.py", line 63, in create_transaction
    db.commit()
    ~~~~~~~~~^^
  File "D:\Projetos_repositorio\gitLabRepo\homebroker2025\homebroker-python\services\7_artificial_intelligence_service\venv\Lib\site-packages\sqlalchemy\orm\session.py", line 2030, in commit
    trans.commit(_to_root=True)
    ~~~~~~~~~~~~^^^^^^^^^^^^^^^
  File "<string>", line 2, in commit
  File "D:\Projetos_repositorio\gitLabRepo\homebroker2025\homebroker-python\services\7_artificial_intelligence_service\venv\Lib\site-packages\sqlalchemy\orm\state_changes.py", line 137, in _go
    ret_value = fn(self, *arg, **kw)
  File "D:\Projetos_repositorio\gitLabRepo\homebroker2025\homebroker-python\services\7_artificial_intelligence_service\venv\Lib\site-packages\sqlalchemy\orm\session.py", line 1311, in commit
    self._prepare_impl()
    ~~~~~~~~~~~~~~~~~~^^
  File "<string>", line 2, in _prepare_impl
  File "D:\Projetos_repositorio\gitLabRepo\homebroker2025\homebroker-python\services\7_artificial_intelligence_service\venv\Lib\site-packages\sqlalchemy\orm\state_changes.py", line 137, in _go
    ret_value = fn(self, *arg, **kw)
  File "D:\Projetos_repositorio\gitLabRepo\homebroker2025\homebroker-python\services\7_artificial_intelligence_service\venv\Lib\site-packages\sqlalchemy\orm\session.py", line 1286, in _prepare_impl
    self.session.flush()
    ~~~~~~~~~~~~~~~~~~^^
  File "D:\Projetos_repositorio\gitLabRepo\homebroker2025\homebroker-python\services\7_artificial_intelligence_service\venv\Lib\site-packages\sqlalchemy\orm\session.py", line 4331, in flush
    self._flush(objects)
    ~~~~~~~~~~~^^^^^^^^^
  File "D:\Projetos_repositorio\gitLabRepo\homebroker2025\homebroker-python\services\7_artificial_intelligence_service\venv\Lib\site-packages\sqlalchemy\orm\session.py", line 4466, in _flush
    with util.safe_reraise():
         ~~~~~~~~~~~~~~~~~^^
  File "D:\Projetos_repositorio\gitLabRepo\homebroker2025\homebroker-python\services\7_artificial_intelligence_service\venv\Lib\site-packages\sqlalchemy\util\langhelpers.py", line 224, in __exit__
    raise exc_value.with_traceback(exc_tb)
  File "D:\Projetos_repositorio\gitLabRepo\homebroker2025\homebroker-python\services\7_artificial_intelligence_service\venv\Lib\site-packages\sqlalchemy\orm\session.py", line 4427, in _flush
    flush_context.execute()
    ~~~~~~~~~~~~~~~~~~~~~^^
  File "D:\Projetos_repositorio\gitLabRepo\homebroker2025\homebroker-python\services\7_artificial_intelligence_service\venv\Lib\site-packages\sqlalchemy\orm\unitofwork.py", line 466, in execute
    rec.execute(self)
    ~~~~~~~~~~~^^^^^^
  File "D:\Projetos_repositorio\gitLabRepo\homebroker2025\homebroker-python\services\7_artificial_intelligence_service\venv\Lib\site-packages\sqlalchemy\orm\unitofwork.py", line 642, in execute
    util.preloaded.orm_persistence.save_obj(
    ~~~~~~~~~~~~~~~~~~~~~~~~~~~~~~~~~~~~~~~^
        self.mapper,
        ^^^^^^^^^^^^
        uow.states_for_mapper_hierarchy(self.mapper, False, False),
        ^^^^^^^^^^^^^^^^^^^^^^^^^^^^^^^^^^^^^^^^^^^^^^^^^^^^^^^^^^^
        uow,
        ^^^^
    )
    ^
  File "D:\Projetos_repositorio\gitLabRepo\homebroker2025\homebroker-python\services\7_artificial_intelligence_service\venv\Lib\site-packages\sqlalchemy\orm\persistence.py", line 76, in save_obj
    for table, mapper in base_mapper._sorted_tables.items():
                         ^^^^^^^^^^^^^^^^^^^^^^^^^^
  File "D:\Projetos_repositorio\gitLabRepo\homebroker2025\homebroker-python\services\7_artificial_intelligence_service\venv\Lib\site-packages\sqlalchemy\util\langhelpers.py", line 1338, in __get__
    obj.__dict__[self.__name__] = result = self.fget(obj)
                                           ~~~~~~~~~^^^^^
  File "D:\Projetos_repositorio\gitLabRepo\homebroker2025\homebroker-python\services\7_artificial_intelligence_service\venv\Lib\site-packages\sqlalchemy\orm\mapper.py", line 4064, in _sorted_tables
    sorted_ = sql_util.sort_tables(
        table_to_mapper,
        skip_fn=skip,
        extra_dependencies=extra_dependencies,
    )
  File "D:\Projetos_repositorio\gitLabRepo\homebroker2025\homebroker-python\services\7_artificial_intelligence_service\venv\Lib\site-packages\sqlalchemy\sql\ddl.py", line 1318, in sort_tables
    for (t, fkcs) in sort_tables_and_constraints(
                     ~~~~~~~~~~~~~~~~~~~~~~~~~~~^
        tables,
        ^^^^^^^
    ...<2 lines>...
        _warn_for_cycles=True,
        ^^^^^^^^^^^^^^^^^^^^^^
    )
    ^
  File "D:\Projetos_repositorio\gitLabRepo\homebroker2025\homebroker-python\services\7_artificial_intelligence_service\venv\Lib\site-packages\sqlalchemy\sql\ddl.py", line 1388, in sort_tables_and_constraints
    filtered = filter_fn(fkc)
  File "D:\Projetos_repositorio\gitLabRepo\homebroker2025\homebroker-python\services\7_artificial_intelligence_service\venv\Lib\site-packages\sqlalchemy\sql\ddl.py", line 1308, in _skip_fn
    if fixed_skip_fn(fk):
       ~~~~~~~~~~~~~^^^^
  File "D:\Projetos_repositorio\gitLabRepo\homebroker2025\homebroker-python\services\7_artificial_intelligence_service\venv\Lib\site-packages\sqlalchemy\orm\mapper.py", line 4047, in skip
    dep = table_to_mapper.get(fk.column.table)
                              ^^^^^^^^^
  File "D:\Projetos_repositorio\gitLabRepo\homebroker2025\homebroker-python\services\7_artificial_intelligence_service\venv\Lib\site-packages\sqlalchemy\util\langhelpers.py", line 1226, in __get__
    obj.__dict__[self.__name__] = result = self.fget(obj)
                                           ~~~~~~~~~^^^^^
  File "D:\Projetos_repositorio\gitLabRepo\homebroker2025\homebroker-python\services\7_artificial_intelligence_service\venv\Lib\site-packages\sqlalchemy\sql\schema.py", line 3199, in column
    return self._resolve_column()
           ~~~~~~~~~~~~~~~~~~~~^^
  File "D:\Projetos_repositorio\gitLabRepo\homebroker2025\homebroker-python\services\7_artificial_intelligence_service\venv\Lib\site-packages\sqlalchemy\sql\schema.py", line 3222, in _resolve_column
    raise exc.NoReferencedTableError(
    ...<5 lines>...
    )
sqlalchemy.exc.NoReferencedTableError: Foreign key associated with column 'transactions.user_id' could not find table 'public.users' with which to generate a foreign key to target column 'id'
2025-11-18 23:18:25 - uvicorn.error - ERROR - run_asgi:416 - Exception in ASGI application
Traceback (most recent call last):
  File "D:\Projetos_repositorio\gitLabRepo\homebroker2025\homebroker-python\services\7_artificial_intelligence_service\venv\Lib\site-packages\uvicorn\protocols\http\httptools_impl.py", line 411, in run_asgi
    result = await app(  # type: ignore[func-returns-value]
             ^^^^^^^^^^^^^^^^^^^^^^^^^^^^^^^^^^^^^^^^^^^^^^
        self.scope, self.receive, self.send
        ^^^^^^^^^^^^^^^^^^^^^^^^^^^^^^^^^^^
    )
    ^
  File "D:\Projetos_repositorio\gitLabRepo\homebroker2025\homebroker-python\services\7_artificial_intelligence_service\venv\Lib\site-packages\uvicorn\middleware\proxy_headers.py", line 69, in __call__
    return await self.app(scope, receive, send)
           ^^^^^^^^^^^^^^^^^^^^^^^^^^^^^^^^^^^^
  File "D:\Projetos_repositorio\gitLabRepo\homebroker2025\homebroker-python\services\7_artificial_intelligence_service\venv\Lib\site-packages\engineio\async_drivers\asgi.py", line 75, in __call__
    await self.other_asgi_app(scope, receive, send)
  File "D:\Projetos_repositorio\gitLabRepo\homebroker2025\homebroker-python\services\7_artificial_intelligence_service\venv\Lib\site-packages\fastapi\applications.py", line 1054, in __call__
    await super().__call__(scope, receive, send)
  File "D:\Projetos_repositorio\gitLabRepo\homebroker2025\homebroker-python\services\7_artificial_intelligence_service\venv\Lib\site-packages\starlette\applications.py", line 123, in __call__
    await self.middleware_stack(scope, receive, send)
  File "D:\Projetos_repositorio\gitLabRepo\homebroker2025\homebroker-python\services\7_artificial_intelligence_service\venv\Lib\site-packages\starlette\middleware\errors.py", line 186, in __call__
    raise exc
  File "D:\Projetos_repositorio\gitLabRepo\homebroker2025\homebroker-python\services\7_artificial_intelligence_service\venv\Lib\site-packages\starlette\middleware\errors.py", line 164, in __call__
    await self.app(scope, receive, _send)
  File "D:\Projetos_repositorio\gitLabRepo\homebroker2025\homebroker-python\services\7_artificial_intelligence_service\venv\Lib\site-packages\starlette\middleware\cors.py", line 85, in __call__
    await self.app(scope, receive, send)
  File "D:\Projetos_repositorio\gitLabRepo\homebroker2025\homebroker-python\services\7_artificial_intelligence_service\venv\Lib\site-packages\starlette\middleware\base.py", line 191, in __call__
    response = await self.dispatch_func(request, call_next)
               ^^^^^^^^^^^^^^^^^^^^^^^^^^^^^^^^^^^^^^^^^^^^
  File "D:\Projetos_repositorio\gitLabRepo\homebroker2025\homebroker-python\services\7_artificial_intelligence_service\middleware\tracking_middleware.py", line 75, in dispatch
    transaction = TransactionService.create_transaction(
        user_id=user_id,
    ...<4 lines>...
        endpoint=endpoint
    )
  File "D:\Projetos_repositorio\gitLabRepo\homebroker2025\homebroker-python\services\7_artificial_intelligence_service\services\transaction_service.py", line 63, in create_transaction
    db.commit()
    ~~~~~~~~~^^
  File "D:\Projetos_repositorio\gitLabRepo\homebroker2025\homebroker-python\services\7_artificial_intelligence_service\venv\Lib\site-packages\sqlalchemy\orm\session.py", line 2030, in commit
    trans.commit(_to_root=True)
    ~~~~~~~~~~~~^^^^^^^^^^^^^^^
  File "<string>", line 2, in commit
  File "D:\Projetos_repositorio\gitLabRepo\homebroker2025\homebroker-python\services\7_artificial_intelligence_service\venv\Lib\site-packages\sqlalchemy\orm\state_changes.py", line 137, in _go
    ret_value = fn(self, *arg, **kw)
  File "D:\Projetos_repositorio\gitLabRepo\homebroker2025\homebroker-python\services\7_artificial_intelligence_service\venv\Lib\site-packages\sqlalchemy\orm\session.py", line 1311, in commit
    self._prepare_impl()
    ~~~~~~~~~~~~~~~~~~^^
  File "<string>", line 2, in _prepare_impl
  File "D:\Projetos_repositorio\gitLabRepo\homebroker2025\homebroker-python\services\7_artificial_intelligence_service\venv\Lib\site-packages\sqlalchemy\orm\state_changes.py", line 137, in _go
    ret_value = fn(self, *arg, **kw)
  File "D:\Projetos_repositorio\gitLabRepo\homebroker2025\homebroker-python\services\7_artificial_intelligence_service\venv\Lib\site-packages\sqlalchemy\orm\session.py", line 1286, in _prepare_impl
    self.session.flush()
    ~~~~~~~~~~~~~~~~~~^^
  File "D:\Projetos_repositorio\gitLabRepo\homebroker2025\homebroker-python\services\7_artificial_intelligence_service\venv\Lib\site-packages\sqlalchemy\orm\session.py", line 4331, in flush
    self._flush(objects)
    ~~~~~~~~~~~^^^^^^^^^
  File "D:\Projetos_repositorio\gitLabRepo\homebroker2025\homebroker-python\services\7_artificial_intelligence_service\venv\Lib\site-packages\sqlalchemy\orm\session.py", line 4466, in _flush
    with util.safe_reraise():
         ~~~~~~~~~~~~~~~~~^^
  File "D:\Projetos_repositorio\gitLabRepo\homebroker2025\homebroker-python\services\7_artificial_intelligence_service\venv\Lib\site-packages\sqlalchemy\util\langhelpers.py", line 224, in __exit__
    raise exc_value.with_traceback(exc_tb)
  File "D:\Projetos_repositorio\gitLabRepo\homebroker2025\homebroker-python\services\7_artificial_intelligence_service\venv\Lib\site-packages\sqlalchemy\orm\session.py", line 4427, in _flush
    flush_context.execute()
    ~~~~~~~~~~~~~~~~~~~~~^^
  File "D:\Projetos_repositorio\gitLabRepo\homebroker2025\homebroker-python\services\7_artificial_intelligence_service\venv\Lib\site-packages\sqlalchemy\orm\unitofwork.py", line 466, in execute
    rec.execute(self)
    ~~~~~~~~~~~^^^^^^
  File "D:\Projetos_repositorio\gitLabRepo\homebroker2025\homebroker-python\services\7_artificial_intelligence_service\venv\Lib\site-packages\sqlalchemy\orm\unitofwork.py", line 642, in execute
    util.preloaded.orm_persistence.save_obj(
    ~~~~~~~~~~~~~~~~~~~~~~~~~~~~~~~~~~~~~~~^
        self.mapper,
        ^^^^^^^^^^^^
        uow.states_for_mapper_hierarchy(self.mapper, False, False),
        ^^^^^^^^^^^^^^^^^^^^^^^^^^^^^^^^^^^^^^^^^^^^^^^^^^^^^^^^^^^
        uow,
        ^^^^
    )
    ^
  File "D:\Projetos_repositorio\gitLabRepo\homebroker2025\homebroker-python\services\7_artificial_intelligence_service\venv\Lib\site-packages\sqlalchemy\orm\persistence.py", line 76, in save_obj
    for table, mapper in base_mapper._sorted_tables.items():
                         ^^^^^^^^^^^^^^^^^^^^^^^^^^
  File "D:\Projetos_repositorio\gitLabRepo\homebroker2025\homebroker-python\services\7_artificial_intelligence_service\venv\Lib\site-packages\sqlalchemy\util\langhelpers.py", line 1338, in __get__
    obj.__dict__[self.__name__] = result = self.fget(obj)
                                           ~~~~~~~~~^^^^^
  File "D:\Projetos_repositorio\gitLabRepo\homebroker2025\homebroker-python\services\7_artificial_intelligence_service\venv\Lib\site-packages\sqlalchemy\orm\mapper.py", line 4064, in _sorted_tables
    sorted_ = sql_util.sort_tables(
        table_to_mapper,
        skip_fn=skip,
        extra_dependencies=extra_dependencies,
    )
  File "D:\Projetos_repositorio\gitLabRepo\homebroker2025\homebroker-python\services\7_artificial_intelligence_service\venv\Lib\site-packages\sqlalchemy\sql\ddl.py", line 1318, in sort_tables
    for (t, fkcs) in sort_tables_and_constraints(
                     ~~~~~~~~~~~~~~~~~~~~~~~~~~~^
        tables,
        ^^^^^^^
    ...<2 lines>...
        _warn_for_cycles=True,
        ^^^^^^^^^^^^^^^^^^^^^^
    )
    ^
  File "D:\Projetos_repositorio\gitLabRepo\homebroker2025\homebroker-python\services\7_artificial_intelligence_service\venv\Lib\site-packages\sqlalchemy\sql\ddl.py", line 1388, in sort_tables_and_constraints
    filtered = filter_fn(fkc)
  File "D:\Projetos_repositorio\gitLabRepo\homebroker2025\homebroker-python\services\7_artificial_intelligence_service\venv\Lib\site-packages\sqlalchemy\sql\ddl.py", line 1308, in _skip_fn
    if fixed_skip_fn(fk):
       ~~~~~~~~~~~~~^^^^
  File "D:\Projetos_repositorio\gitLabRepo\homebroker2025\homebroker-python\services\7_artificial_intelligence_service\venv\Lib\site-packages\sqlalchemy\orm\mapper.py", line 4047, in skip
    dep = table_to_mapper.get(fk.column.table)
                              ^^^^^^^^^
  File "D:\Projetos_repositorio\gitLabRepo\homebroker2025\homebroker-python\services\7_artificial_intelligence_service\venv\Lib\site-packages\sqlalchemy\util\langhelpers.py", line 1226, in __get__
    obj.__dict__[self.__name__] = result = self.fget(obj)
                                           ~~~~~~~~~^^^^^
  File "D:\Projetos_repositorio\gitLabRepo\homebroker2025\homebroker-python\services\7_artificial_intelligence_service\venv\Lib\site-packages\sqlalchemy\sql\schema.py", line 3199, in column
    return self._resolve_column()
           ~~~~~~~~~~~~~~~~~~~~^^
  File "D:\Projetos_repositorio\gitLabRepo\homebroker2025\homebroker-python\services\7_artificial_intelligence_service\venv\Lib\site-packages\sqlalchemy\sql\schema.py", line 3222, in _resolve_column
    raise exc.NoReferencedTableError(
    ...<5 lines>...
    )
sqlalchemy.exc.NoReferencedTableError: Foreign key associated with column 'transactions.user_id' could not find table 'public.users' with which to generate a foreign key to target column 'id'
2025-11-18 23:18:37 - uvicorn.error - ERROR - run_asgi:416 - Exception in ASGI application
Traceback (most recent call last):
  File "D:\Projetos_repositorio\gitLabRepo\homebroker2025\homebroker-python\services\7_artificial_intelligence_service\venv\Lib\site-packages\uvicorn\protocols\http\httptools_impl.py", line 411, in run_asgi
    result = await app(  # type: ignore[func-returns-value]
             ^^^^^^^^^^^^^^^^^^^^^^^^^^^^^^^^^^^^^^^^^^^^^^
        self.scope, self.receive, self.send
        ^^^^^^^^^^^^^^^^^^^^^^^^^^^^^^^^^^^
    )
    ^
  File "D:\Projetos_repositorio\gitLabRepo\homebroker2025\homebroker-python\services\7_artificial_intelligence_service\venv\Lib\site-packages\uvicorn\middleware\proxy_headers.py", line 69, in __call__
    return await self.app(scope, receive, send)
           ^^^^^^^^^^^^^^^^^^^^^^^^^^^^^^^^^^^^
  File "D:\Projetos_repositorio\gitLabRepo\homebroker2025\homebroker-python\services\7_artificial_intelligence_service\venv\Lib\site-packages\engineio\async_drivers\asgi.py", line 75, in __call__
    await self.other_asgi_app(scope, receive, send)
  File "D:\Projetos_repositorio\gitLabRepo\homebroker2025\homebroker-python\services\7_artificial_intelligence_service\venv\Lib\site-packages\fastapi\applications.py", line 1054, in __call__
    await super().__call__(scope, receive, send)
  File "D:\Projetos_repositorio\gitLabRepo\homebroker2025\homebroker-python\services\7_artificial_intelligence_service\venv\Lib\site-packages\starlette\applications.py", line 123, in __call__
    await self.middleware_stack(scope, receive, send)
  File "D:\Projetos_repositorio\gitLabRepo\homebroker2025\homebroker-python\services\7_artificial_intelligence_service\venv\Lib\site-packages\starlette\middleware\errors.py", line 186, in __call__
    raise exc
  File "D:\Projetos_repositorio\gitLabRepo\homebroker2025\homebroker-python\services\7_artificial_intelligence_service\venv\Lib\site-packages\starlette\middleware\errors.py", line 164, in __call__
    await self.app(scope, receive, _send)
  File "D:\Projetos_repositorio\gitLabRepo\homebroker2025\homebroker-python\services\7_artificial_intelligence_service\venv\Lib\site-packages\starlette\middleware\cors.py", line 85, in __call__
    await self.app(scope, receive, send)
  File "D:\Projetos_repositorio\gitLabRepo\homebroker2025\homebroker-python\services\7_artificial_intelligence_service\venv\Lib\site-packages\starlette\middleware\base.py", line 191, in __call__
    response = await self.dispatch_func(request, call_next)
               ^^^^^^^^^^^^^^^^^^^^^^^^^^^^^^^^^^^^^^^^^^^^
  File "D:\Projetos_repositorio\gitLabRepo\homebroker2025\homebroker-python\services\7_artificial_intelligence_service\middleware\tracking_middleware.py", line 75, in dispatch
    transaction = TransactionService.create_transaction(
        user_id=user_id,
    ...<4 lines>...
        endpoint=endpoint
    )
  File "D:\Projetos_repositorio\gitLabRepo\homebroker2025\homebroker-python\services\7_artificial_intelligence_service\services\transaction_service.py", line 63, in create_transaction
    db.commit()
    ~~~~~~~~~^^
  File "D:\Projetos_repositorio\gitLabRepo\homebroker2025\homebroker-python\services\7_artificial_intelligence_service\venv\Lib\site-packages\sqlalchemy\orm\session.py", line 2030, in commit
    trans.commit(_to_root=True)
    ~~~~~~~~~~~~^^^^^^^^^^^^^^^
  File "<string>", line 2, in commit
  File "D:\Projetos_repositorio\gitLabRepo\homebroker2025\homebroker-python\services\7_artificial_intelligence_service\venv\Lib\site-packages\sqlalchemy\orm\state_changes.py", line 137, in _go
    ret_value = fn(self, *arg, **kw)
  File "D:\Projetos_repositorio\gitLabRepo\homebroker2025\homebroker-python\services\7_artificial_intelligence_service\venv\Lib\site-packages\sqlalchemy\orm\session.py", line 1311, in commit
    self._prepare_impl()
    ~~~~~~~~~~~~~~~~~~^^
  File "<string>", line 2, in _prepare_impl
  File "D:\Projetos_repositorio\gitLabRepo\homebroker2025\homebroker-python\services\7_artificial_intelligence_service\venv\Lib\site-packages\sqlalchemy\orm\state_changes.py", line 137, in _go
    ret_value = fn(self, *arg, **kw)
  File "D:\Projetos_repositorio\gitLabRepo\homebroker2025\homebroker-python\services\7_artificial_intelligence_service\venv\Lib\site-packages\sqlalchemy\orm\session.py", line 1286, in _prepare_impl
    self.session.flush()
    ~~~~~~~~~~~~~~~~~~^^
  File "D:\Projetos_repositorio\gitLabRepo\homebroker2025\homebroker-python\services\7_artificial_intelligence_service\venv\Lib\site-packages\sqlalchemy\orm\session.py", line 4331, in flush
    self._flush(objects)
    ~~~~~~~~~~~^^^^^^^^^
  File "D:\Projetos_repositorio\gitLabRepo\homebroker2025\homebroker-python\services\7_artificial_intelligence_service\venv\Lib\site-packages\sqlalchemy\orm\session.py", line 4466, in _flush
    with util.safe_reraise():
         ~~~~~~~~~~~~~~~~~^^
  File "D:\Projetos_repositorio\gitLabRepo\homebroker2025\homebroker-python\services\7_artificial_intelligence_service\venv\Lib\site-packages\sqlalchemy\util\langhelpers.py", line 224, in __exit__
    raise exc_value.with_traceback(exc_tb)
  File "D:\Projetos_repositorio\gitLabRepo\homebroker2025\homebroker-python\services\7_artificial_intelligence_service\venv\Lib\site-packages\sqlalchemy\orm\session.py", line 4427, in _flush
    flush_context.execute()
    ~~~~~~~~~~~~~~~~~~~~~^^
  File "D:\Projetos_repositorio\gitLabRepo\homebroker2025\homebroker-python\services\7_artificial_intelligence_service\venv\Lib\site-packages\sqlalchemy\orm\unitofwork.py", line 466, in execute
    rec.execute(self)
    ~~~~~~~~~~~^^^^^^
  File "D:\Projetos_repositorio\gitLabRepo\homebroker2025\homebroker-python\services\7_artificial_intelligence_service\venv\Lib\site-packages\sqlalchemy\orm\unitofwork.py", line 642, in execute
    util.preloaded.orm_persistence.save_obj(
    ~~~~~~~~~~~~~~~~~~~~~~~~~~~~~~~~~~~~~~~^
        self.mapper,
        ^^^^^^^^^^^^
        uow.states_for_mapper_hierarchy(self.mapper, False, False),
        ^^^^^^^^^^^^^^^^^^^^^^^^^^^^^^^^^^^^^^^^^^^^^^^^^^^^^^^^^^^
        uow,
        ^^^^
    )
    ^
  File "D:\Projetos_repositorio\gitLabRepo\homebroker2025\homebroker-python\services\7_artificial_intelligence_service\venv\Lib\site-packages\sqlalchemy\orm\persistence.py", line 76, in save_obj
    for table, mapper in base_mapper._sorted_tables.items():
                         ^^^^^^^^^^^^^^^^^^^^^^^^^^
  File "D:\Projetos_repositorio\gitLabRepo\homebroker2025\homebroker-python\services\7_artificial_intelligence_service\venv\Lib\site-packages\sqlalchemy\util\langhelpers.py", line 1338, in __get__
    obj.__dict__[self.__name__] = result = self.fget(obj)
                                           ~~~~~~~~~^^^^^
  File "D:\Projetos_repositorio\gitLabRepo\homebroker2025\homebroker-python\services\7_artificial_intelligence_service\venv\Lib\site-packages\sqlalchemy\orm\mapper.py", line 4064, in _sorted_tables
    sorted_ = sql_util.sort_tables(
        table_to_mapper,
        skip_fn=skip,
        extra_dependencies=extra_dependencies,
    )
  File "D:\Projetos_repositorio\gitLabRepo\homebroker2025\homebroker-python\services\7_artificial_intelligence_service\venv\Lib\site-packages\sqlalchemy\sql\ddl.py", line 1318, in sort_tables
    for (t, fkcs) in sort_tables_and_constraints(
                     ~~~~~~~~~~~~~~~~~~~~~~~~~~~^
        tables,
        ^^^^^^^
    ...<2 lines>...
        _warn_for_cycles=True,
        ^^^^^^^^^^^^^^^^^^^^^^
    )
    ^
  File "D:\Projetos_repositorio\gitLabRepo\homebroker2025\homebroker-python\services\7_artificial_intelligence_service\venv\Lib\site-packages\sqlalchemy\sql\ddl.py", line 1388, in sort_tables_and_constraints
    filtered = filter_fn(fkc)
  File "D:\Projetos_repositorio\gitLabRepo\homebroker2025\homebroker-python\services\7_artificial_intelligence_service\venv\Lib\site-packages\sqlalchemy\sql\ddl.py", line 1308, in _skip_fn
    if fixed_skip_fn(fk):
       ~~~~~~~~~~~~~^^^^
  File "D:\Projetos_repositorio\gitLabRepo\homebroker2025\homebroker-python\services\7_artificial_intelligence_service\venv\Lib\site-packages\sqlalchemy\orm\mapper.py", line 4047, in skip
    dep = table_to_mapper.get(fk.column.table)
                              ^^^^^^^^^
  File "D:\Projetos_repositorio\gitLabRepo\homebroker2025\homebroker-python\services\7_artificial_intelligence_service\venv\Lib\site-packages\sqlalchemy\util\langhelpers.py", line 1226, in __get__
    obj.__dict__[self.__name__] = result = self.fget(obj)
                                           ~~~~~~~~~^^^^^
  File "D:\Projetos_repositorio\gitLabRepo\homebroker2025\homebroker-python\services\7_artificial_intelligence_service\venv\Lib\site-packages\sqlalchemy\sql\schema.py", line 3199, in column
    return self._resolve_column()
           ~~~~~~~~~~~~~~~~~~~~^^
  File "D:\Projetos_repositorio\gitLabRepo\homebroker2025\homebroker-python\services\7_artificial_intelligence_service\venv\Lib\site-packages\sqlalchemy\sql\schema.py", line 3222, in _resolve_column
    raise exc.NoReferencedTableError(
    ...<5 lines>...
    )
sqlalchemy.exc.NoReferencedTableError: Foreign key associated with column 'transactions.user_id' could not find table 'public.users' with which to generate a foreign key to target column 'id'
2025-11-18 23:19:00 - uvicorn.error - INFO - shutdown:258 - Shutting down
2025-11-18 23:19:00 - uvicorn.error - INFO - shutdown:67 - Waiting for application shutdown.
2025-11-18 23:19:00 - chatbot_middleware - INFO - shutdown_event:85 - Encerrando Chatbot Middleware API...
2025-11-18 23:19:00 - uvicorn.error - INFO - shutdown:76 - Application shutdown complete.
2025-11-18 23:19:00 - uvicorn.error - INFO - _serve:92 - Finished server process [31196]
2025-11-18 23:19:02 - chatbot_middleware - INFO - configure_logging:91 - Sistema de logging configurado com nível: INFO
2025-11-18 23:19:02 - uvicorn.error - INFO - _serve:82 - Started server process [31236]
2025-11-18 23:19:02 - uvicorn.error - INFO - startup:48 - Waiting for application startup.
2025-11-18 23:19:02 - chatbot_middleware - INFO - startup_event:69 - Iniciando Chatbot Middleware API...
2025-11-18 23:19:02 - chatbot_middleware - INFO - startup_event:74 - Banco de dados inicializado com sucesso
2025-11-18 23:19:02 - chatbot_middleware - INFO - startup_event:78 - Chatbot Middleware API iniciada com sucesso!
2025-11-18 23:19:02 - uvicorn.error - INFO - startup:62 - Application startup complete.
2025-11-18 23:19:02 - chatbot_middleware - INFO - shutdown_event:85 - Encerrando Chatbot Middleware API...
2025-11-18 23:19:02 - uvicorn.error - ERROR - send:134 - Traceback (most recent call last):
  File "C:\Python313\Lib\asyncio\runners.py", line 118, in run
    return self._loop.run_until_complete(task)
           ~~~~~~~~~~~~~~~~~~~~~~~~~~~~~^^^^^^
  File "C:\Python313\Lib\asyncio\base_events.py", line 725, in run_until_complete
    return future.result()
           ~~~~~~~~~~~~~^^
asyncio.exceptions.CancelledError

During handling of the above exception, another exception occurred:

Traceback (most recent call last):
  File "C:\Python313\Lib\asyncio\runners.py", line 195, in run
    return runner.run(main)
           ~~~~~~~~~~^^^^^^
  File "C:\Python313\Lib\asyncio\runners.py", line 123, in run
    raise KeyboardInterrupt()
KeyboardInterrupt

During handling of the above exception, another exception occurred:

Traceback (most recent call last):
  File "D:\Projetos_repositorio\gitLabRepo\homebroker2025\homebroker-python\services\7_artificial_intelligence_service\venv\Lib\site-packages\starlette\routing.py", line 741, in lifespan
    await receive()
  File "D:\Projetos_repositorio\gitLabRepo\homebroker2025\homebroker-python\services\7_artificial_intelligence_service\venv\Lib\site-packages\uvicorn\lifespan\on.py", line 137, in receive
    return await self.receive_queue.get()
           ^^^^^^^^^^^^^^^^^^^^^^^^^^^^^^
  File "C:\Python313\Lib\asyncio\queues.py", line 186, in get
    await getter
asyncio.exceptions.CancelledError

2025-11-18 23:19:05 - chatbot_middleware - INFO - configure_logging:91 - Sistema de logging configurado com nível: INFO
2025-11-18 23:19:05 - uvicorn.error - INFO - _serve:82 - Started server process [26368]
2025-11-18 23:19:05 - uvicorn.error - INFO - startup:48 - Waiting for application startup.
2025-11-18 23:19:05 - chatbot_middleware - INFO - startup_event:69 - Iniciando Chatbot Middleware API...
2025-11-18 23:19:05 - chatbot_middleware - INFO - startup_event:74 - Banco de dados inicializado com sucesso
2025-11-18 23:19:05 - chatbot_middleware - INFO - startup_event:78 - Chatbot Middleware API iniciada com sucesso!
2025-11-18 23:19:05 - uvicorn.error - INFO - startup:62 - Application startup complete.
2025-11-18 23:19:39 - uvicorn.error - ERROR - run_asgi:416 - Exception in ASGI application
Traceback (most recent call last):
  File "D:\Projetos_repositorio\gitLabRepo\homebroker2025\homebroker-python\services\7_artificial_intelligence_service\venv\Lib\site-packages\uvicorn\protocols\http\httptools_impl.py", line 411, in run_asgi
    result = await app(  # type: ignore[func-returns-value]
             ^^^^^^^^^^^^^^^^^^^^^^^^^^^^^^^^^^^^^^^^^^^^^^
        self.scope, self.receive, self.send
        ^^^^^^^^^^^^^^^^^^^^^^^^^^^^^^^^^^^
    )
    ^
  File "D:\Projetos_repositorio\gitLabRepo\homebroker2025\homebroker-python\services\7_artificial_intelligence_service\venv\Lib\site-packages\uvicorn\middleware\proxy_headers.py", line 69, in __call__
    return await self.app(scope, receive, send)
           ^^^^^^^^^^^^^^^^^^^^^^^^^^^^^^^^^^^^
  File "D:\Projetos_repositorio\gitLabRepo\homebroker2025\homebroker-python\services\7_artificial_intelligence_service\venv\Lib\site-packages\engineio\async_drivers\asgi.py", line 75, in __call__
    await self.other_asgi_app(scope, receive, send)
  File "D:\Projetos_repositorio\gitLabRepo\homebroker2025\homebroker-python\services\7_artificial_intelligence_service\venv\Lib\site-packages\fastapi\applications.py", line 1054, in __call__
    await super().__call__(scope, receive, send)
  File "D:\Projetos_repositorio\gitLabRepo\homebroker2025\homebroker-python\services\7_artificial_intelligence_service\venv\Lib\site-packages\starlette\applications.py", line 123, in __call__
    await self.middleware_stack(scope, receive, send)
  File "D:\Projetos_repositorio\gitLabRepo\homebroker2025\homebroker-python\services\7_artificial_intelligence_service\venv\Lib\site-packages\starlette\middleware\errors.py", line 186, in __call__
    raise exc
  File "D:\Projetos_repositorio\gitLabRepo\homebroker2025\homebroker-python\services\7_artificial_intelligence_service\venv\Lib\site-packages\starlette\middleware\errors.py", line 164, in __call__
    await self.app(scope, receive, _send)
  File "D:\Projetos_repositorio\gitLabRepo\homebroker2025\homebroker-python\services\7_artificial_intelligence_service\venv\Lib\site-packages\starlette\middleware\cors.py", line 85, in __call__
    await self.app(scope, receive, send)
  File "D:\Projetos_repositorio\gitLabRepo\homebroker2025\homebroker-python\services\7_artificial_intelligence_service\venv\Lib\site-packages\starlette\middleware\base.py", line 191, in __call__
    response = await self.dispatch_func(request, call_next)
               ^^^^^^^^^^^^^^^^^^^^^^^^^^^^^^^^^^^^^^^^^^^^
  File "D:\Projetos_repositorio\gitLabRepo\homebroker2025\homebroker-python\services\7_artificial_intelligence_service\middleware\tracking_middleware.py", line 75, in dispatch
    transaction = TransactionService.create_transaction(
        user_id=user_id,
    ...<4 lines>...
        endpoint=endpoint
    )
  File "D:\Projetos_repositorio\gitLabRepo\homebroker2025\homebroker-python\services\7_artificial_intelligence_service\services\transaction_service.py", line 63, in create_transaction
    db.commit()
    ~~~~~~~~~^^
  File "D:\Projetos_repositorio\gitLabRepo\homebroker2025\homebroker-python\services\7_artificial_intelligence_service\venv\Lib\site-packages\sqlalchemy\orm\session.py", line 2030, in commit
    trans.commit(_to_root=True)
    ~~~~~~~~~~~~^^^^^^^^^^^^^^^
  File "<string>", line 2, in commit
  File "D:\Projetos_repositorio\gitLabRepo\homebroker2025\homebroker-python\services\7_artificial_intelligence_service\venv\Lib\site-packages\sqlalchemy\orm\state_changes.py", line 137, in _go
    ret_value = fn(self, *arg, **kw)
  File "D:\Projetos_repositorio\gitLabRepo\homebroker2025\homebroker-python\services\7_artificial_intelligence_service\venv\Lib\site-packages\sqlalchemy\orm\session.py", line 1311, in commit
    self._prepare_impl()
    ~~~~~~~~~~~~~~~~~~^^
  File "<string>", line 2, in _prepare_impl
  File "D:\Projetos_repositorio\gitLabRepo\homebroker2025\homebroker-python\services\7_artificial_intelligence_service\venv\Lib\site-packages\sqlalchemy\orm\state_changes.py", line 137, in _go
    ret_value = fn(self, *arg, **kw)
  File "D:\Projetos_repositorio\gitLabRepo\homebroker2025\homebroker-python\services\7_artificial_intelligence_service\venv\Lib\site-packages\sqlalchemy\orm\session.py", line 1286, in _prepare_impl
    self.session.flush()
    ~~~~~~~~~~~~~~~~~~^^
  File "D:\Projetos_repositorio\gitLabRepo\homebroker2025\homebroker-python\services\7_artificial_intelligence_service\venv\Lib\site-packages\sqlalchemy\orm\session.py", line 4331, in flush
    self._flush(objects)
    ~~~~~~~~~~~^^^^^^^^^
  File "D:\Projetos_repositorio\gitLabRepo\homebroker2025\homebroker-python\services\7_artificial_intelligence_service\venv\Lib\site-packages\sqlalchemy\orm\session.py", line 4466, in _flush
    with util.safe_reraise():
         ~~~~~~~~~~~~~~~~~^^
  File "D:\Projetos_repositorio\gitLabRepo\homebroker2025\homebroker-python\services\7_artificial_intelligence_service\venv\Lib\site-packages\sqlalchemy\util\langhelpers.py", line 224, in __exit__
    raise exc_value.with_traceback(exc_tb)
  File "D:\Projetos_repositorio\gitLabRepo\homebroker2025\homebroker-python\services\7_artificial_intelligence_service\venv\Lib\site-packages\sqlalchemy\orm\session.py", line 4427, in _flush
    flush_context.execute()
    ~~~~~~~~~~~~~~~~~~~~~^^
  File "D:\Projetos_repositorio\gitLabRepo\homebroker2025\homebroker-python\services\7_artificial_intelligence_service\venv\Lib\site-packages\sqlalchemy\orm\unitofwork.py", line 466, in execute
    rec.execute(self)
    ~~~~~~~~~~~^^^^^^
  File "D:\Projetos_repositorio\gitLabRepo\homebroker2025\homebroker-python\services\7_artificial_intelligence_service\venv\Lib\site-packages\sqlalchemy\orm\unitofwork.py", line 642, in execute
    util.preloaded.orm_persistence.save_obj(
    ~~~~~~~~~~~~~~~~~~~~~~~~~~~~~~~~~~~~~~~^
        self.mapper,
        ^^^^^^^^^^^^
        uow.states_for_mapper_hierarchy(self.mapper, False, False),
        ^^^^^^^^^^^^^^^^^^^^^^^^^^^^^^^^^^^^^^^^^^^^^^^^^^^^^^^^^^^
        uow,
        ^^^^
    )
    ^
  File "D:\Projetos_repositorio\gitLabRepo\homebroker2025\homebroker-python\services\7_artificial_intelligence_service\venv\Lib\site-packages\sqlalchemy\orm\persistence.py", line 76, in save_obj
    for table, mapper in base_mapper._sorted_tables.items():
                         ^^^^^^^^^^^^^^^^^^^^^^^^^^
  File "D:\Projetos_repositorio\gitLabRepo\homebroker2025\homebroker-python\services\7_artificial_intelligence_service\venv\Lib\site-packages\sqlalchemy\util\langhelpers.py", line 1338, in __get__
    obj.__dict__[self.__name__] = result = self.fget(obj)
                                           ~~~~~~~~~^^^^^
  File "D:\Projetos_repositorio\gitLabRepo\homebroker2025\homebroker-python\services\7_artificial_intelligence_service\venv\Lib\site-packages\sqlalchemy\orm\mapper.py", line 4064, in _sorted_tables
    sorted_ = sql_util.sort_tables(
        table_to_mapper,
        skip_fn=skip,
        extra_dependencies=extra_dependencies,
    )
  File "D:\Projetos_repositorio\gitLabRepo\homebroker2025\homebroker-python\services\7_artificial_intelligence_service\venv\Lib\site-packages\sqlalchemy\sql\ddl.py", line 1318, in sort_tables
    for (t, fkcs) in sort_tables_and_constraints(
                     ~~~~~~~~~~~~~~~~~~~~~~~~~~~^
        tables,
        ^^^^^^^
    ...<2 lines>...
        _warn_for_cycles=True,
        ^^^^^^^^^^^^^^^^^^^^^^
    )
    ^
  File "D:\Projetos_repositorio\gitLabRepo\homebroker2025\homebroker-python\services\7_artificial_intelligence_service\venv\Lib\site-packages\sqlalchemy\sql\ddl.py", line 1388, in sort_tables_and_constraints
    filtered = filter_fn(fkc)
  File "D:\Projetos_repositorio\gitLabRepo\homebroker2025\homebroker-python\services\7_artificial_intelligence_service\venv\Lib\site-packages\sqlalchemy\sql\ddl.py", line 1308, in _skip_fn
    if fixed_skip_fn(fk):
       ~~~~~~~~~~~~~^^^^
  File "D:\Projetos_repositorio\gitLabRepo\homebroker2025\homebroker-python\services\7_artificial_intelligence_service\venv\Lib\site-packages\sqlalchemy\orm\mapper.py", line 4047, in skip
    dep = table_to_mapper.get(fk.column.table)
                              ^^^^^^^^^
  File "D:\Projetos_repositorio\gitLabRepo\homebroker2025\homebroker-python\services\7_artificial_intelligence_service\venv\Lib\site-packages\sqlalchemy\util\langhelpers.py", line 1226, in __get__
    obj.__dict__[self.__name__] = result = self.fget(obj)
                                           ~~~~~~~~~^^^^^
  File "D:\Projetos_repositorio\gitLabRepo\homebroker2025\homebroker-python\services\7_artificial_intelligence_service\venv\Lib\site-packages\sqlalchemy\sql\schema.py", line 3199, in column
    return self._resolve_column()
           ~~~~~~~~~~~~~~~~~~~~^^
  File "D:\Projetos_repositorio\gitLabRepo\homebroker2025\homebroker-python\services\7_artificial_intelligence_service\venv\Lib\site-packages\sqlalchemy\sql\schema.py", line 3222, in _resolve_column
    raise exc.NoReferencedTableError(
    ...<5 lines>...
    )
sqlalchemy.exc.NoReferencedTableError: Foreign key associated with column 'transactions.user_id' could not find table 'public.users' with which to generate a foreign key to target column 'id'
2025-11-18 23:20:00 - uvicorn.error - ERROR - run_asgi:416 - Exception in ASGI application
Traceback (most recent call last):
  File "D:\Projetos_repositorio\gitLabRepo\homebroker2025\homebroker-python\services\7_artificial_intelligence_service\venv\Lib\site-packages\uvicorn\protocols\http\httptools_impl.py", line 411, in run_asgi
    result = await app(  # type: ignore[func-returns-value]
             ^^^^^^^^^^^^^^^^^^^^^^^^^^^^^^^^^^^^^^^^^^^^^^
        self.scope, self.receive, self.send
        ^^^^^^^^^^^^^^^^^^^^^^^^^^^^^^^^^^^
    )
    ^
  File "D:\Projetos_repositorio\gitLabRepo\homebroker2025\homebroker-python\services\7_artificial_intelligence_service\venv\Lib\site-packages\uvicorn\middleware\proxy_headers.py", line 69, in __call__
    return await self.app(scope, receive, send)
           ^^^^^^^^^^^^^^^^^^^^^^^^^^^^^^^^^^^^
  File "D:\Projetos_repositorio\gitLabRepo\homebroker2025\homebroker-python\services\7_artificial_intelligence_service\venv\Lib\site-packages\engineio\async_drivers\asgi.py", line 75, in __call__
    await self.other_asgi_app(scope, receive, send)
  File "D:\Projetos_repositorio\gitLabRepo\homebroker2025\homebroker-python\services\7_artificial_intelligence_service\venv\Lib\site-packages\fastapi\applications.py", line 1054, in __call__
    await super().__call__(scope, receive, send)
  File "D:\Projetos_repositorio\gitLabRepo\homebroker2025\homebroker-python\services\7_artificial_intelligence_service\venv\Lib\site-packages\starlette\applications.py", line 123, in __call__
    await self.middleware_stack(scope, receive, send)
  File "D:\Projetos_repositorio\gitLabRepo\homebroker2025\homebroker-python\services\7_artificial_intelligence_service\venv\Lib\site-packages\starlette\middleware\errors.py", line 186, in __call__
    raise exc
  File "D:\Projetos_repositorio\gitLabRepo\homebroker2025\homebroker-python\services\7_artificial_intelligence_service\venv\Lib\site-packages\starlette\middleware\errors.py", line 164, in __call__
    await self.app(scope, receive, _send)
  File "D:\Projetos_repositorio\gitLabRepo\homebroker2025\homebroker-python\services\7_artificial_intelligence_service\venv\Lib\site-packages\starlette\middleware\cors.py", line 85, in __call__
    await self.app(scope, receive, send)
  File "D:\Projetos_repositorio\gitLabRepo\homebroker2025\homebroker-python\services\7_artificial_intelligence_service\venv\Lib\site-packages\starlette\middleware\base.py", line 191, in __call__
    response = await self.dispatch_func(request, call_next)
               ^^^^^^^^^^^^^^^^^^^^^^^^^^^^^^^^^^^^^^^^^^^^
  File "D:\Projetos_repositorio\gitLabRepo\homebroker2025\homebroker-python\services\7_artificial_intelligence_service\middleware\tracking_middleware.py", line 75, in dispatch
    transaction = TransactionService.create_transaction(
        user_id=user_id,
    ...<4 lines>...
        endpoint=endpoint
    )
  File "D:\Projetos_repositorio\gitLabRepo\homebroker2025\homebroker-python\services\7_artificial_intelligence_service\services\transaction_service.py", line 63, in create_transaction
    db.commit()
    ~~~~~~~~~^^
  File "D:\Projetos_repositorio\gitLabRepo\homebroker2025\homebroker-python\services\7_artificial_intelligence_service\venv\Lib\site-packages\sqlalchemy\orm\session.py", line 2030, in commit
    trans.commit(_to_root=True)
    ~~~~~~~~~~~~^^^^^^^^^^^^^^^
  File "<string>", line 2, in commit
  File "D:\Projetos_repositorio\gitLabRepo\homebroker2025\homebroker-python\services\7_artificial_intelligence_service\venv\Lib\site-packages\sqlalchemy\orm\state_changes.py", line 137, in _go
    ret_value = fn(self, *arg, **kw)
  File "D:\Projetos_repositorio\gitLabRepo\homebroker2025\homebroker-python\services\7_artificial_intelligence_service\venv\Lib\site-packages\sqlalchemy\orm\session.py", line 1311, in commit
    self._prepare_impl()
    ~~~~~~~~~~~~~~~~~~^^
  File "<string>", line 2, in _prepare_impl
  File "D:\Projetos_repositorio\gitLabRepo\homebroker2025\homebroker-python\services\7_artificial_intelligence_service\venv\Lib\site-packages\sqlalchemy\orm\state_changes.py", line 137, in _go
    ret_value = fn(self, *arg, **kw)
  File "D:\Projetos_repositorio\gitLabRepo\homebroker2025\homebroker-python\services\7_artificial_intelligence_service\venv\Lib\site-packages\sqlalchemy\orm\session.py", line 1286, in _prepare_impl
    self.session.flush()
    ~~~~~~~~~~~~~~~~~~^^
  File "D:\Projetos_repositorio\gitLabRepo\homebroker2025\homebroker-python\services\7_artificial_intelligence_service\venv\Lib\site-packages\sqlalchemy\orm\session.py", line 4331, in flush
    self._flush(objects)
    ~~~~~~~~~~~^^^^^^^^^
  File "D:\Projetos_repositorio\gitLabRepo\homebroker2025\homebroker-python\services\7_artificial_intelligence_service\venv\Lib\site-packages\sqlalchemy\orm\session.py", line 4466, in _flush
    with util.safe_reraise():
         ~~~~~~~~~~~~~~~~~^^
  File "D:\Projetos_repositorio\gitLabRepo\homebroker2025\homebroker-python\services\7_artificial_intelligence_service\venv\Lib\site-packages\sqlalchemy\util\langhelpers.py", line 224, in __exit__
    raise exc_value.with_traceback(exc_tb)
  File "D:\Projetos_repositorio\gitLabRepo\homebroker2025\homebroker-python\services\7_artificial_intelligence_service\venv\Lib\site-packages\sqlalchemy\orm\session.py", line 4427, in _flush
    flush_context.execute()
    ~~~~~~~~~~~~~~~~~~~~~^^
  File "D:\Projetos_repositorio\gitLabRepo\homebroker2025\homebroker-python\services\7_artificial_intelligence_service\venv\Lib\site-packages\sqlalchemy\orm\unitofwork.py", line 466, in execute
    rec.execute(self)
    ~~~~~~~~~~~^^^^^^
  File "D:\Projetos_repositorio\gitLabRepo\homebroker2025\homebroker-python\services\7_artificial_intelligence_service\venv\Lib\site-packages\sqlalchemy\orm\unitofwork.py", line 642, in execute
    util.preloaded.orm_persistence.save_obj(
    ~~~~~~~~~~~~~~~~~~~~~~~~~~~~~~~~~~~~~~~^
        self.mapper,
        ^^^^^^^^^^^^
        uow.states_for_mapper_hierarchy(self.mapper, False, False),
        ^^^^^^^^^^^^^^^^^^^^^^^^^^^^^^^^^^^^^^^^^^^^^^^^^^^^^^^^^^^
        uow,
        ^^^^
    )
    ^
  File "D:\Projetos_repositorio\gitLabRepo\homebroker2025\homebroker-python\services\7_artificial_intelligence_service\venv\Lib\site-packages\sqlalchemy\orm\persistence.py", line 76, in save_obj
    for table, mapper in base_mapper._sorted_tables.items():
                         ^^^^^^^^^^^^^^^^^^^^^^^^^^
  File "D:\Projetos_repositorio\gitLabRepo\homebroker2025\homebroker-python\services\7_artificial_intelligence_service\venv\Lib\site-packages\sqlalchemy\util\langhelpers.py", line 1338, in __get__
    obj.__dict__[self.__name__] = result = self.fget(obj)
                                           ~~~~~~~~~^^^^^
  File "D:\Projetos_repositorio\gitLabRepo\homebroker2025\homebroker-python\services\7_artificial_intelligence_service\venv\Lib\site-packages\sqlalchemy\orm\mapper.py", line 4064, in _sorted_tables
    sorted_ = sql_util.sort_tables(
        table_to_mapper,
        skip_fn=skip,
        extra_dependencies=extra_dependencies,
    )
  File "D:\Projetos_repositorio\gitLabRepo\homebroker2025\homebroker-python\services\7_artificial_intelligence_service\venv\Lib\site-packages\sqlalchemy\sql\ddl.py", line 1318, in sort_tables
    for (t, fkcs) in sort_tables_and_constraints(
                     ~~~~~~~~~~~~~~~~~~~~~~~~~~~^
        tables,
        ^^^^^^^
    ...<2 lines>...
        _warn_for_cycles=True,
        ^^^^^^^^^^^^^^^^^^^^^^
    )
    ^
  File "D:\Projetos_repositorio\gitLabRepo\homebroker2025\homebroker-python\services\7_artificial_intelligence_service\venv\Lib\site-packages\sqlalchemy\sql\ddl.py", line 1388, in sort_tables_and_constraints
    filtered = filter_fn(fkc)
  File "D:\Projetos_repositorio\gitLabRepo\homebroker2025\homebroker-python\services\7_artificial_intelligence_service\venv\Lib\site-packages\sqlalchemy\sql\ddl.py", line 1308, in _skip_fn
    if fixed_skip_fn(fk):
       ~~~~~~~~~~~~~^^^^
  File "D:\Projetos_repositorio\gitLabRepo\homebroker2025\homebroker-python\services\7_artificial_intelligence_service\venv\Lib\site-packages\sqlalchemy\orm\mapper.py", line 4047, in skip
    dep = table_to_mapper.get(fk.column.table)
                              ^^^^^^^^^
  File "D:\Projetos_repositorio\gitLabRepo\homebroker2025\homebroker-python\services\7_artificial_intelligence_service\venv\Lib\site-packages\sqlalchemy\util\langhelpers.py", line 1226, in __get__
    obj.__dict__[self.__name__] = result = self.fget(obj)
                                           ~~~~~~~~~^^^^^
  File "D:\Projetos_repositorio\gitLabRepo\homebroker2025\homebroker-python\services\7_artificial_intelligence_service\venv\Lib\site-packages\sqlalchemy\sql\schema.py", line 3199, in column
    return self._resolve_column()
           ~~~~~~~~~~~~~~~~~~~~^^
  File "D:\Projetos_repositorio\gitLabRepo\homebroker2025\homebroker-python\services\7_artificial_intelligence_service\venv\Lib\site-packages\sqlalchemy\sql\schema.py", line 3222, in _resolve_column
    raise exc.NoReferencedTableError(
    ...<5 lines>...
    )
sqlalchemy.exc.NoReferencedTableError: Foreign key associated with column 'transactions.user_id' could not find table 'public.users' with which to generate a foreign key to target column 'id'
2025-11-18 23:21:26 - uvicorn.error - INFO - shutdown:258 - Shutting down
2025-11-18 23:21:26 - uvicorn.error - INFO - shutdown:67 - Waiting for application shutdown.
2025-11-18 23:21:26 - chatbot_middleware - INFO - shutdown_event:85 - Encerrando Chatbot Middleware API...
2025-11-18 23:21:26 - uvicorn.error - INFO - shutdown:76 - Application shutdown complete.
2025-11-18 23:21:26 - uvicorn.error - INFO - _serve:92 - Finished server process [26368]
2025-11-18 23:21:29 - chatbot_middleware - INFO - configure_logging:91 - Sistema de logging configurado com nível: INFO
2025-11-18 23:21:29 - uvicorn.error - INFO - _serve:82 - Started server process [24292]
2025-11-18 23:21:29 - uvicorn.error - INFO - startup:48 - Waiting for application startup.
2025-11-18 23:21:29 - chatbot_middleware - INFO - startup_event:69 - Iniciando Chatbot Middleware API...
2025-11-18 23:21:29 - chatbot_middleware - INFO - startup_event:74 - Banco de dados inicializado com sucesso
2025-11-18 23:21:29 - chatbot_middleware - INFO - startup_event:78 - Chatbot Middleware API iniciada com sucesso!
2025-11-18 23:21:29 - uvicorn.error - INFO - startup:62 - Application startup complete.
2025-11-18 23:21:29 - chatbot_middleware - INFO - shutdown_event:85 - Encerrando Chatbot Middleware API...
2025-11-18 23:21:29 - uvicorn.error - ERROR - send:134 - Traceback (most recent call last):
  File "C:\Python313\Lib\asyncio\runners.py", line 118, in run
    return self._loop.run_until_complete(task)
           ~~~~~~~~~~~~~~~~~~~~~~~~~~~~~^^^^^^
  File "C:\Python313\Lib\asyncio\base_events.py", line 725, in run_until_complete
    return future.result()
           ~~~~~~~~~~~~~^^
asyncio.exceptions.CancelledError

During handling of the above exception, another exception occurred:

Traceback (most recent call last):
  File "C:\Python313\Lib\asyncio\runners.py", line 195, in run
    return runner.run(main)
           ~~~~~~~~~~^^^^^^
  File "C:\Python313\Lib\asyncio\runners.py", line 123, in run
    raise KeyboardInterrupt()
KeyboardInterrupt

During handling of the above exception, another exception occurred:

Traceback (most recent call last):
  File "D:\Projetos_repositorio\gitLabRepo\homebroker2025\homebroker-python\services\7_artificial_intelligence_service\venv\Lib\site-packages\starlette\routing.py", line 741, in lifespan
    await receive()
  File "D:\Projetos_repositorio\gitLabRepo\homebroker2025\homebroker-python\services\7_artificial_intelligence_service\venv\Lib\site-packages\uvicorn\lifespan\on.py", line 137, in receive
    return await self.receive_queue.get()
           ^^^^^^^^^^^^^^^^^^^^^^^^^^^^^^
  File "C:\Python313\Lib\asyncio\queues.py", line 186, in get
    await getter
asyncio.exceptions.CancelledError

2025-11-18 23:21:31 - chatbot_middleware - INFO - configure_logging:91 - Sistema de logging configurado com nível: INFO
2025-11-18 23:21:31 - uvicorn.error - INFO - _serve:82 - Started server process [32228]
2025-11-18 23:21:31 - uvicorn.error - INFO - startup:48 - Waiting for application startup.
2025-11-18 23:21:31 - chatbot_middleware - INFO - startup_event:69 - Iniciando Chatbot Middleware API...
2025-11-18 23:21:32 - chatbot_middleware - INFO - startup_event:74 - Banco de dados inicializado com sucesso
2025-11-18 23:21:32 - chatbot_middleware - INFO - startup_event:78 - Chatbot Middleware API iniciada com sucesso!
2025-11-18 23:21:32 - uvicorn.error - INFO - startup:62 - Application startup complete.
2025-11-18 23:22:09 - chatbot_middleware - INFO - configure_logging:91 - Sistema de logging configurado com nível: INFO
2025-11-18 23:22:09 - uvicorn.error - INFO - _serve:82 - Started server process [18112]
2025-11-18 23:22:09 - uvicorn.error - INFO - startup:48 - Waiting for application startup.
2025-11-18 23:22:09 - chatbot_middleware - INFO - startup_event:69 - Iniciando Chatbot Middleware API...
2025-11-18 23:22:09 - chatbot_middleware - INFO - startup_event:74 - Banco de dados inicializado com sucesso
2025-11-18 23:22:09 - chatbot_middleware - INFO - startup_event:78 - Chatbot Middleware API iniciada com sucesso!
2025-11-18 23:22:09 - uvicorn.error - INFO - startup:62 - Application startup complete.
2025-11-18 23:22:39 - uvicorn.error - ERROR - run_asgi:416 - Exception in ASGI application
Traceback (most recent call last):
  File "D:\Projetos_repositorio\gitLabRepo\homebroker2025\homebroker-python\services\7_artificial_intelligence_service\venv\Lib\site-packages\uvicorn\protocols\http\httptools_impl.py", line 411, in run_asgi
    result = await app(  # type: ignore[func-returns-value]
             ^^^^^^^^^^^^^^^^^^^^^^^^^^^^^^^^^^^^^^^^^^^^^^
        self.scope, self.receive, self.send
        ^^^^^^^^^^^^^^^^^^^^^^^^^^^^^^^^^^^
    )
    ^
  File "D:\Projetos_repositorio\gitLabRepo\homebroker2025\homebroker-python\services\7_artificial_intelligence_service\venv\Lib\site-packages\uvicorn\middleware\proxy_headers.py", line 69, in __call__
    return await self.app(scope, receive, send)
           ^^^^^^^^^^^^^^^^^^^^^^^^^^^^^^^^^^^^
  File "D:\Projetos_repositorio\gitLabRepo\homebroker2025\homebroker-python\services\7_artificial_intelligence_service\venv\Lib\site-packages\engineio\async_drivers\asgi.py", line 75, in __call__
    await self.other_asgi_app(scope, receive, send)
  File "D:\Projetos_repositorio\gitLabRepo\homebroker2025\homebroker-python\services\7_artificial_intelligence_service\venv\Lib\site-packages\fastapi\applications.py", line 1054, in __call__
    await super().__call__(scope, receive, send)
  File "D:\Projetos_repositorio\gitLabRepo\homebroker2025\homebroker-python\services\7_artificial_intelligence_service\venv\Lib\site-packages\starlette\applications.py", line 123, in __call__
    await self.middleware_stack(scope, receive, send)
  File "D:\Projetos_repositorio\gitLabRepo\homebroker2025\homebroker-python\services\7_artificial_intelligence_service\venv\Lib\site-packages\starlette\middleware\errors.py", line 186, in __call__
    raise exc
  File "D:\Projetos_repositorio\gitLabRepo\homebroker2025\homebroker-python\services\7_artificial_intelligence_service\venv\Lib\site-packages\starlette\middleware\errors.py", line 164, in __call__
    await self.app(scope, receive, _send)
  File "D:\Projetos_repositorio\gitLabRepo\homebroker2025\homebroker-python\services\7_artificial_intelligence_service\venv\Lib\site-packages\starlette\middleware\cors.py", line 85, in __call__
    await self.app(scope, receive, send)
  File "D:\Projetos_repositorio\gitLabRepo\homebroker2025\homebroker-python\services\7_artificial_intelligence_service\venv\Lib\site-packages\starlette\middleware\base.py", line 191, in __call__
    response = await self.dispatch_func(request, call_next)
               ^^^^^^^^^^^^^^^^^^^^^^^^^^^^^^^^^^^^^^^^^^^^
  File "D:\Projetos_repositorio\gitLabRepo\homebroker2025\homebroker-python\services\7_artificial_intelligence_service\middleware\tracking_middleware.py", line 75, in dispatch
    transaction = TransactionService.create_transaction(
        user_id=user_id,
    ...<4 lines>...
        endpoint=endpoint
    )
  File "D:\Projetos_repositorio\gitLabRepo\homebroker2025\homebroker-python\services\7_artificial_intelligence_service\services\transaction_service.py", line 63, in create_transaction
    db.commit()
    ~~~~~~~~~^^
  File "D:\Projetos_repositorio\gitLabRepo\homebroker2025\homebroker-python\services\7_artificial_intelligence_service\venv\Lib\site-packages\sqlalchemy\orm\session.py", line 2030, in commit
    trans.commit(_to_root=True)
    ~~~~~~~~~~~~^^^^^^^^^^^^^^^
  File "<string>", line 2, in commit
  File "D:\Projetos_repositorio\gitLabRepo\homebroker2025\homebroker-python\services\7_artificial_intelligence_service\venv\Lib\site-packages\sqlalchemy\orm\state_changes.py", line 137, in _go
    ret_value = fn(self, *arg, **kw)
  File "D:\Projetos_repositorio\gitLabRepo\homebroker2025\homebroker-python\services\7_artificial_intelligence_service\venv\Lib\site-packages\sqlalchemy\orm\session.py", line 1311, in commit
    self._prepare_impl()
    ~~~~~~~~~~~~~~~~~~^^
  File "<string>", line 2, in _prepare_impl
  File "D:\Projetos_repositorio\gitLabRepo\homebroker2025\homebroker-python\services\7_artificial_intelligence_service\venv\Lib\site-packages\sqlalchemy\orm\state_changes.py", line 137, in _go
    ret_value = fn(self, *arg, **kw)
  File "D:\Projetos_repositorio\gitLabRepo\homebroker2025\homebroker-python\services\7_artificial_intelligence_service\venv\Lib\site-packages\sqlalchemy\orm\session.py", line 1286, in _prepare_impl
    self.session.flush()
    ~~~~~~~~~~~~~~~~~~^^
  File "D:\Projetos_repositorio\gitLabRepo\homebroker2025\homebroker-python\services\7_artificial_intelligence_service\venv\Lib\site-packages\sqlalchemy\orm\session.py", line 4331, in flush
    self._flush(objects)
    ~~~~~~~~~~~^^^^^^^^^
  File "D:\Projetos_repositorio\gitLabRepo\homebroker2025\homebroker-python\services\7_artificial_intelligence_service\venv\Lib\site-packages\sqlalchemy\orm\session.py", line 4466, in _flush
    with util.safe_reraise():
         ~~~~~~~~~~~~~~~~~^^
  File "D:\Projetos_repositorio\gitLabRepo\homebroker2025\homebroker-python\services\7_artificial_intelligence_service\venv\Lib\site-packages\sqlalchemy\util\langhelpers.py", line 224, in __exit__
    raise exc_value.with_traceback(exc_tb)
  File "D:\Projetos_repositorio\gitLabRepo\homebroker2025\homebroker-python\services\7_artificial_intelligence_service\venv\Lib\site-packages\sqlalchemy\orm\session.py", line 4427, in _flush
    flush_context.execute()
    ~~~~~~~~~~~~~~~~~~~~~^^
  File "D:\Projetos_repositorio\gitLabRepo\homebroker2025\homebroker-python\services\7_artificial_intelligence_service\venv\Lib\site-packages\sqlalchemy\orm\unitofwork.py", line 466, in execute
    rec.execute(self)
    ~~~~~~~~~~~^^^^^^
  File "D:\Projetos_repositorio\gitLabRepo\homebroker2025\homebroker-python\services\7_artificial_intelligence_service\venv\Lib\site-packages\sqlalchemy\orm\unitofwork.py", line 642, in execute
    util.preloaded.orm_persistence.save_obj(
    ~~~~~~~~~~~~~~~~~~~~~~~~~~~~~~~~~~~~~~~^
        self.mapper,
        ^^^^^^^^^^^^
        uow.states_for_mapper_hierarchy(self.mapper, False, False),
        ^^^^^^^^^^^^^^^^^^^^^^^^^^^^^^^^^^^^^^^^^^^^^^^^^^^^^^^^^^^
        uow,
        ^^^^
    )
    ^
  File "D:\Projetos_repositorio\gitLabRepo\homebroker2025\homebroker-python\services\7_artificial_intelligence_service\venv\Lib\site-packages\sqlalchemy\orm\persistence.py", line 76, in save_obj
    for table, mapper in base_mapper._sorted_tables.items():
                         ^^^^^^^^^^^^^^^^^^^^^^^^^^
  File "D:\Projetos_repositorio\gitLabRepo\homebroker2025\homebroker-python\services\7_artificial_intelligence_service\venv\Lib\site-packages\sqlalchemy\util\langhelpers.py", line 1338, in __get__
    obj.__dict__[self.__name__] = result = self.fget(obj)
                                           ~~~~~~~~~^^^^^
  File "D:\Projetos_repositorio\gitLabRepo\homebroker2025\homebroker-python\services\7_artificial_intelligence_service\venv\Lib\site-packages\sqlalchemy\orm\mapper.py", line 4064, in _sorted_tables
    sorted_ = sql_util.sort_tables(
        table_to_mapper,
        skip_fn=skip,
        extra_dependencies=extra_dependencies,
    )
  File "D:\Projetos_repositorio\gitLabRepo\homebroker2025\homebroker-python\services\7_artificial_intelligence_service\venv\Lib\site-packages\sqlalchemy\sql\ddl.py", line 1318, in sort_tables
    for (t, fkcs) in sort_tables_and_constraints(
                     ~~~~~~~~~~~~~~~~~~~~~~~~~~~^
        tables,
        ^^^^^^^
    ...<2 lines>...
        _warn_for_cycles=True,
        ^^^^^^^^^^^^^^^^^^^^^^
    )
    ^
  File "D:\Projetos_repositorio\gitLabRepo\homebroker2025\homebroker-python\services\7_artificial_intelligence_service\venv\Lib\site-packages\sqlalchemy\sql\ddl.py", line 1388, in sort_tables_and_constraints
    filtered = filter_fn(fkc)
  File "D:\Projetos_repositorio\gitLabRepo\homebroker2025\homebroker-python\services\7_artificial_intelligence_service\venv\Lib\site-packages\sqlalchemy\sql\ddl.py", line 1308, in _skip_fn
    if fixed_skip_fn(fk):
       ~~~~~~~~~~~~~^^^^
  File "D:\Projetos_repositorio\gitLabRepo\homebroker2025\homebroker-python\services\7_artificial_intelligence_service\venv\Lib\site-packages\sqlalchemy\orm\mapper.py", line 4047, in skip
    dep = table_to_mapper.get(fk.column.table)
                              ^^^^^^^^^
  File "D:\Projetos_repositorio\gitLabRepo\homebroker2025\homebroker-python\services\7_artificial_intelligence_service\venv\Lib\site-packages\sqlalchemy\util\langhelpers.py", line 1226, in __get__
    obj.__dict__[self.__name__] = result = self.fget(obj)
                                           ~~~~~~~~~^^^^^
  File "D:\Projetos_repositorio\gitLabRepo\homebroker2025\homebroker-python\services\7_artificial_intelligence_service\venv\Lib\site-packages\sqlalchemy\sql\schema.py", line 3199, in column
    return self._resolve_column()
           ~~~~~~~~~~~~~~~~~~~~^^
  File "D:\Projetos_repositorio\gitLabRepo\homebroker2025\homebroker-python\services\7_artificial_intelligence_service\venv\Lib\site-packages\sqlalchemy\sql\schema.py", line 3222, in _resolve_column
    raise exc.NoReferencedTableError(
    ...<5 lines>...
    )
sqlalchemy.exc.NoReferencedTableError: Foreign key associated with column 'transactions.user_id' could not find table 'public.users' with which to generate a foreign key to target column 'id'
2025-11-18 23:22:52 - uvicorn.error - ERROR - run_asgi:416 - Exception in ASGI application
Traceback (most recent call last):
  File "D:\Projetos_repositorio\gitLabRepo\homebroker2025\homebroker-python\services\7_artificial_intelligence_service\venv\Lib\site-packages\uvicorn\protocols\http\httptools_impl.py", line 411, in run_asgi
    result = await app(  # type: ignore[func-returns-value]
             ^^^^^^^^^^^^^^^^^^^^^^^^^^^^^^^^^^^^^^^^^^^^^^
        self.scope, self.receive, self.send
        ^^^^^^^^^^^^^^^^^^^^^^^^^^^^^^^^^^^
    )
    ^
  File "D:\Projetos_repositorio\gitLabRepo\homebroker2025\homebroker-python\services\7_artificial_intelligence_service\venv\Lib\site-packages\uvicorn\middleware\proxy_headers.py", line 69, in __call__
    return await self.app(scope, receive, send)
           ^^^^^^^^^^^^^^^^^^^^^^^^^^^^^^^^^^^^
  File "D:\Projetos_repositorio\gitLabRepo\homebroker2025\homebroker-python\services\7_artificial_intelligence_service\venv\Lib\site-packages\engineio\async_drivers\asgi.py", line 75, in __call__
    await self.other_asgi_app(scope, receive, send)
  File "D:\Projetos_repositorio\gitLabRepo\homebroker2025\homebroker-python\services\7_artificial_intelligence_service\venv\Lib\site-packages\fastapi\applications.py", line 1054, in __call__
    await super().__call__(scope, receive, send)
  File "D:\Projetos_repositorio\gitLabRepo\homebroker2025\homebroker-python\services\7_artificial_intelligence_service\venv\Lib\site-packages\starlette\applications.py", line 123, in __call__
    await self.middleware_stack(scope, receive, send)
  File "D:\Projetos_repositorio\gitLabRepo\homebroker2025\homebroker-python\services\7_artificial_intelligence_service\venv\Lib\site-packages\starlette\middleware\errors.py", line 186, in __call__
    raise exc
  File "D:\Projetos_repositorio\gitLabRepo\homebroker2025\homebroker-python\services\7_artificial_intelligence_service\venv\Lib\site-packages\starlette\middleware\errors.py", line 164, in __call__
    await self.app(scope, receive, _send)
  File "D:\Projetos_repositorio\gitLabRepo\homebroker2025\homebroker-python\services\7_artificial_intelligence_service\venv\Lib\site-packages\starlette\middleware\cors.py", line 85, in __call__
    await self.app(scope, receive, send)
  File "D:\Projetos_repositorio\gitLabRepo\homebroker2025\homebroker-python\services\7_artificial_intelligence_service\venv\Lib\site-packages\starlette\middleware\base.py", line 191, in __call__
    response = await self.dispatch_func(request, call_next)
               ^^^^^^^^^^^^^^^^^^^^^^^^^^^^^^^^^^^^^^^^^^^^
  File "D:\Projetos_repositorio\gitLabRepo\homebroker2025\homebroker-python\services\7_artificial_intelligence_service\middleware\tracking_middleware.py", line 75, in dispatch
    transaction = TransactionService.create_transaction(
        user_id=user_id,
    ...<4 lines>...
        endpoint=endpoint
    )
  File "D:\Projetos_repositorio\gitLabRepo\homebroker2025\homebroker-python\services\7_artificial_intelligence_service\services\transaction_service.py", line 63, in create_transaction
    db.commit()
    ~~~~~~~~~^^
  File "D:\Projetos_repositorio\gitLabRepo\homebroker2025\homebroker-python\services\7_artificial_intelligence_service\venv\Lib\site-packages\sqlalchemy\orm\session.py", line 2030, in commit
    trans.commit(_to_root=True)
    ~~~~~~~~~~~~^^^^^^^^^^^^^^^
  File "<string>", line 2, in commit
  File "D:\Projetos_repositorio\gitLabRepo\homebroker2025\homebroker-python\services\7_artificial_intelligence_service\venv\Lib\site-packages\sqlalchemy\orm\state_changes.py", line 137, in _go
    ret_value = fn(self, *arg, **kw)
  File "D:\Projetos_repositorio\gitLabRepo\homebroker2025\homebroker-python\services\7_artificial_intelligence_service\venv\Lib\site-packages\sqlalchemy\orm\session.py", line 1311, in commit
    self._prepare_impl()
    ~~~~~~~~~~~~~~~~~~^^
  File "<string>", line 2, in _prepare_impl
  File "D:\Projetos_repositorio\gitLabRepo\homebroker2025\homebroker-python\services\7_artificial_intelligence_service\venv\Lib\site-packages\sqlalchemy\orm\state_changes.py", line 137, in _go
    ret_value = fn(self, *arg, **kw)
  File "D:\Projetos_repositorio\gitLabRepo\homebroker2025\homebroker-python\services\7_artificial_intelligence_service\venv\Lib\site-packages\sqlalchemy\orm\session.py", line 1286, in _prepare_impl
    self.session.flush()
    ~~~~~~~~~~~~~~~~~~^^
  File "D:\Projetos_repositorio\gitLabRepo\homebroker2025\homebroker-python\services\7_artificial_intelligence_service\venv\Lib\site-packages\sqlalchemy\orm\session.py", line 4331, in flush
    self._flush(objects)
    ~~~~~~~~~~~^^^^^^^^^
  File "D:\Projetos_repositorio\gitLabRepo\homebroker2025\homebroker-python\services\7_artificial_intelligence_service\venv\Lib\site-packages\sqlalchemy\orm\session.py", line 4466, in _flush
    with util.safe_reraise():
         ~~~~~~~~~~~~~~~~~^^
  File "D:\Projetos_repositorio\gitLabRepo\homebroker2025\homebroker-python\services\7_artificial_intelligence_service\venv\Lib\site-packages\sqlalchemy\util\langhelpers.py", line 224, in __exit__
    raise exc_value.with_traceback(exc_tb)
  File "D:\Projetos_repositorio\gitLabRepo\homebroker2025\homebroker-python\services\7_artificial_intelligence_service\venv\Lib\site-packages\sqlalchemy\orm\session.py", line 4427, in _flush
    flush_context.execute()
    ~~~~~~~~~~~~~~~~~~~~~^^
  File "D:\Projetos_repositorio\gitLabRepo\homebroker2025\homebroker-python\services\7_artificial_intelligence_service\venv\Lib\site-packages\sqlalchemy\orm\unitofwork.py", line 466, in execute
    rec.execute(self)
    ~~~~~~~~~~~^^^^^^
  File "D:\Projetos_repositorio\gitLabRepo\homebroker2025\homebroker-python\services\7_artificial_intelligence_service\venv\Lib\site-packages\sqlalchemy\orm\unitofwork.py", line 642, in execute
    util.preloaded.orm_persistence.save_obj(
    ~~~~~~~~~~~~~~~~~~~~~~~~~~~~~~~~~~~~~~~^
        self.mapper,
        ^^^^^^^^^^^^
        uow.states_for_mapper_hierarchy(self.mapper, False, False),
        ^^^^^^^^^^^^^^^^^^^^^^^^^^^^^^^^^^^^^^^^^^^^^^^^^^^^^^^^^^^
        uow,
        ^^^^
    )
    ^
  File "D:\Projetos_repositorio\gitLabRepo\homebroker2025\homebroker-python\services\7_artificial_intelligence_service\venv\Lib\site-packages\sqlalchemy\orm\persistence.py", line 76, in save_obj
    for table, mapper in base_mapper._sorted_tables.items():
                         ^^^^^^^^^^^^^^^^^^^^^^^^^^
  File "D:\Projetos_repositorio\gitLabRepo\homebroker2025\homebroker-python\services\7_artificial_intelligence_service\venv\Lib\site-packages\sqlalchemy\util\langhelpers.py", line 1338, in __get__
    obj.__dict__[self.__name__] = result = self.fget(obj)
                                           ~~~~~~~~~^^^^^
  File "D:\Projetos_repositorio\gitLabRepo\homebroker2025\homebroker-python\services\7_artificial_intelligence_service\venv\Lib\site-packages\sqlalchemy\orm\mapper.py", line 4064, in _sorted_tables
    sorted_ = sql_util.sort_tables(
        table_to_mapper,
        skip_fn=skip,
        extra_dependencies=extra_dependencies,
    )
  File "D:\Projetos_repositorio\gitLabRepo\homebroker2025\homebroker-python\services\7_artificial_intelligence_service\venv\Lib\site-packages\sqlalchemy\sql\ddl.py", line 1318, in sort_tables
    for (t, fkcs) in sort_tables_and_constraints(
                     ~~~~~~~~~~~~~~~~~~~~~~~~~~~^
        tables,
        ^^^^^^^
    ...<2 lines>...
        _warn_for_cycles=True,
        ^^^^^^^^^^^^^^^^^^^^^^
    )
    ^
  File "D:\Projetos_repositorio\gitLabRepo\homebroker2025\homebroker-python\services\7_artificial_intelligence_service\venv\Lib\site-packages\sqlalchemy\sql\ddl.py", line 1388, in sort_tables_and_constraints
    filtered = filter_fn(fkc)
  File "D:\Projetos_repositorio\gitLabRepo\homebroker2025\homebroker-python\services\7_artificial_intelligence_service\venv\Lib\site-packages\sqlalchemy\sql\ddl.py", line 1308, in _skip_fn
    if fixed_skip_fn(fk):
       ~~~~~~~~~~~~~^^^^
  File "D:\Projetos_repositorio\gitLabRepo\homebroker2025\homebroker-python\services\7_artificial_intelligence_service\venv\Lib\site-packages\sqlalchemy\orm\mapper.py", line 4047, in skip
    dep = table_to_mapper.get(fk.column.table)
                              ^^^^^^^^^
  File "D:\Projetos_repositorio\gitLabRepo\homebroker2025\homebroker-python\services\7_artificial_intelligence_service\venv\Lib\site-packages\sqlalchemy\util\langhelpers.py", line 1226, in __get__
    obj.__dict__[self.__name__] = result = self.fget(obj)
                                           ~~~~~~~~~^^^^^
  File "D:\Projetos_repositorio\gitLabRepo\homebroker2025\homebroker-python\services\7_artificial_intelligence_service\venv\Lib\site-packages\sqlalchemy\sql\schema.py", line 3199, in column
    return self._resolve_column()
           ~~~~~~~~~~~~~~~~~~~~^^
  File "D:\Projetos_repositorio\gitLabRepo\homebroker2025\homebroker-python\services\7_artificial_intelligence_service\venv\Lib\site-packages\sqlalchemy\sql\schema.py", line 3222, in _resolve_column
    raise exc.NoReferencedTableError(
    ...<5 lines>...
    )
sqlalchemy.exc.NoReferencedTableError: Foreign key associated with column 'transactions.user_id' could not find table 'public.users' with which to generate a foreign key to target column 'id'
2025-11-18 23:23:08 - uvicorn.error - ERROR - run_asgi:416 - Exception in ASGI application
Traceback (most recent call last):
  File "D:\Projetos_repositorio\gitLabRepo\homebroker2025\homebroker-python\services\7_artificial_intelligence_service\venv\Lib\site-packages\uvicorn\protocols\http\httptools_impl.py", line 411, in run_asgi
    result = await app(  # type: ignore[func-returns-value]
             ^^^^^^^^^^^^^^^^^^^^^^^^^^^^^^^^^^^^^^^^^^^^^^
        self.scope, self.receive, self.send
        ^^^^^^^^^^^^^^^^^^^^^^^^^^^^^^^^^^^
    )
    ^
  File "D:\Projetos_repositorio\gitLabRepo\homebroker2025\homebroker-python\services\7_artificial_intelligence_service\venv\Lib\site-packages\uvicorn\middleware\proxy_headers.py", line 69, in __call__
    return await self.app(scope, receive, send)
           ^^^^^^^^^^^^^^^^^^^^^^^^^^^^^^^^^^^^
  File "D:\Projetos_repositorio\gitLabRepo\homebroker2025\homebroker-python\services\7_artificial_intelligence_service\venv\Lib\site-packages\engineio\async_drivers\asgi.py", line 75, in __call__
    await self.other_asgi_app(scope, receive, send)
  File "D:\Projetos_repositorio\gitLabRepo\homebroker2025\homebroker-python\services\7_artificial_intelligence_service\venv\Lib\site-packages\fastapi\applications.py", line 1054, in __call__
    await super().__call__(scope, receive, send)
  File "D:\Projetos_repositorio\gitLabRepo\homebroker2025\homebroker-python\services\7_artificial_intelligence_service\venv\Lib\site-packages\starlette\applications.py", line 123, in __call__
    await self.middleware_stack(scope, receive, send)
  File "D:\Projetos_repositorio\gitLabRepo\homebroker2025\homebroker-python\services\7_artificial_intelligence_service\venv\Lib\site-packages\starlette\middleware\errors.py", line 186, in __call__
    raise exc
  File "D:\Projetos_repositorio\gitLabRepo\homebroker2025\homebroker-python\services\7_artificial_intelligence_service\venv\Lib\site-packages\starlette\middleware\errors.py", line 164, in __call__
    await self.app(scope, receive, _send)
  File "D:\Projetos_repositorio\gitLabRepo\homebroker2025\homebroker-python\services\7_artificial_intelligence_service\venv\Lib\site-packages\starlette\middleware\cors.py", line 85, in __call__
    await self.app(scope, receive, send)
  File "D:\Projetos_repositorio\gitLabRepo\homebroker2025\homebroker-python\services\7_artificial_intelligence_service\venv\Lib\site-packages\starlette\middleware\base.py", line 191, in __call__
    response = await self.dispatch_func(request, call_next)
               ^^^^^^^^^^^^^^^^^^^^^^^^^^^^^^^^^^^^^^^^^^^^
  File "D:\Projetos_repositorio\gitLabRepo\homebroker2025\homebroker-python\services\7_artificial_intelligence_service\middleware\tracking_middleware.py", line 75, in dispatch
    transaction = TransactionService.create_transaction(
        user_id=user_id,
    ...<4 lines>...
        endpoint=endpoint
    )
  File "D:\Projetos_repositorio\gitLabRepo\homebroker2025\homebroker-python\services\7_artificial_intelligence_service\services\transaction_service.py", line 63, in create_transaction
    db.commit()
    ~~~~~~~~~^^
  File "D:\Projetos_repositorio\gitLabRepo\homebroker2025\homebroker-python\services\7_artificial_intelligence_service\venv\Lib\site-packages\sqlalchemy\orm\session.py", line 2030, in commit
    trans.commit(_to_root=True)
    ~~~~~~~~~~~~^^^^^^^^^^^^^^^
  File "<string>", line 2, in commit
  File "D:\Projetos_repositorio\gitLabRepo\homebroker2025\homebroker-python\services\7_artificial_intelligence_service\venv\Lib\site-packages\sqlalchemy\orm\state_changes.py", line 137, in _go
    ret_value = fn(self, *arg, **kw)
  File "D:\Projetos_repositorio\gitLabRepo\homebroker2025\homebroker-python\services\7_artificial_intelligence_service\venv\Lib\site-packages\sqlalchemy\orm\session.py", line 1311, in commit
    self._prepare_impl()
    ~~~~~~~~~~~~~~~~~~^^
  File "<string>", line 2, in _prepare_impl
  File "D:\Projetos_repositorio\gitLabRepo\homebroker2025\homebroker-python\services\7_artificial_intelligence_service\venv\Lib\site-packages\sqlalchemy\orm\state_changes.py", line 137, in _go
    ret_value = fn(self, *arg, **kw)
  File "D:\Projetos_repositorio\gitLabRepo\homebroker2025\homebroker-python\services\7_artificial_intelligence_service\venv\Lib\site-packages\sqlalchemy\orm\session.py", line 1286, in _prepare_impl
    self.session.flush()
    ~~~~~~~~~~~~~~~~~~^^
  File "D:\Projetos_repositorio\gitLabRepo\homebroker2025\homebroker-python\services\7_artificial_intelligence_service\venv\Lib\site-packages\sqlalchemy\orm\session.py", line 4331, in flush
    self._flush(objects)
    ~~~~~~~~~~~^^^^^^^^^
  File "D:\Projetos_repositorio\gitLabRepo\homebroker2025\homebroker-python\services\7_artificial_intelligence_service\venv\Lib\site-packages\sqlalchemy\orm\session.py", line 4466, in _flush
    with util.safe_reraise():
         ~~~~~~~~~~~~~~~~~^^
  File "D:\Projetos_repositorio\gitLabRepo\homebroker2025\homebroker-python\services\7_artificial_intelligence_service\venv\Lib\site-packages\sqlalchemy\util\langhelpers.py", line 224, in __exit__
    raise exc_value.with_traceback(exc_tb)
  File "D:\Projetos_repositorio\gitLabRepo\homebroker2025\homebroker-python\services\7_artificial_intelligence_service\venv\Lib\site-packages\sqlalchemy\orm\session.py", line 4427, in _flush
    flush_context.execute()
    ~~~~~~~~~~~~~~~~~~~~~^^
  File "D:\Projetos_repositorio\gitLabRepo\homebroker2025\homebroker-python\services\7_artificial_intelligence_service\venv\Lib\site-packages\sqlalchemy\orm\unitofwork.py", line 466, in execute
    rec.execute(self)
    ~~~~~~~~~~~^^^^^^
  File "D:\Projetos_repositorio\gitLabRepo\homebroker2025\homebroker-python\services\7_artificial_intelligence_service\venv\Lib\site-packages\sqlalchemy\orm\unitofwork.py", line 642, in execute
    util.preloaded.orm_persistence.save_obj(
    ~~~~~~~~~~~~~~~~~~~~~~~~~~~~~~~~~~~~~~~^
        self.mapper,
        ^^^^^^^^^^^^
        uow.states_for_mapper_hierarchy(self.mapper, False, False),
        ^^^^^^^^^^^^^^^^^^^^^^^^^^^^^^^^^^^^^^^^^^^^^^^^^^^^^^^^^^^
        uow,
        ^^^^
    )
    ^
  File "D:\Projetos_repositorio\gitLabRepo\homebroker2025\homebroker-python\services\7_artificial_intelligence_service\venv\Lib\site-packages\sqlalchemy\orm\persistence.py", line 76, in save_obj
    for table, mapper in base_mapper._sorted_tables.items():
                         ^^^^^^^^^^^^^^^^^^^^^^^^^^
  File "D:\Projetos_repositorio\gitLabRepo\homebroker2025\homebroker-python\services\7_artificial_intelligence_service\venv\Lib\site-packages\sqlalchemy\util\langhelpers.py", line 1338, in __get__
    obj.__dict__[self.__name__] = result = self.fget(obj)
                                           ~~~~~~~~~^^^^^
  File "D:\Projetos_repositorio\gitLabRepo\homebroker2025\homebroker-python\services\7_artificial_intelligence_service\venv\Lib\site-packages\sqlalchemy\orm\mapper.py", line 4064, in _sorted_tables
    sorted_ = sql_util.sort_tables(
        table_to_mapper,
        skip_fn=skip,
        extra_dependencies=extra_dependencies,
    )
  File "D:\Projetos_repositorio\gitLabRepo\homebroker2025\homebroker-python\services\7_artificial_intelligence_service\venv\Lib\site-packages\sqlalchemy\sql\ddl.py", line 1318, in sort_tables
    for (t, fkcs) in sort_tables_and_constraints(
                     ~~~~~~~~~~~~~~~~~~~~~~~~~~~^
        tables,
        ^^^^^^^
    ...<2 lines>...
        _warn_for_cycles=True,
        ^^^^^^^^^^^^^^^^^^^^^^
    )
    ^
  File "D:\Projetos_repositorio\gitLabRepo\homebroker2025\homebroker-python\services\7_artificial_intelligence_service\venv\Lib\site-packages\sqlalchemy\sql\ddl.py", line 1388, in sort_tables_and_constraints
    filtered = filter_fn(fkc)
  File "D:\Projetos_repositorio\gitLabRepo\homebroker2025\homebroker-python\services\7_artificial_intelligence_service\venv\Lib\site-packages\sqlalchemy\sql\ddl.py", line 1308, in _skip_fn
    if fixed_skip_fn(fk):
       ~~~~~~~~~~~~~^^^^
  File "D:\Projetos_repositorio\gitLabRepo\homebroker2025\homebroker-python\services\7_artificial_intelligence_service\venv\Lib\site-packages\sqlalchemy\orm\mapper.py", line 4047, in skip
    dep = table_to_mapper.get(fk.column.table)
                              ^^^^^^^^^
  File "D:\Projetos_repositorio\gitLabRepo\homebroker2025\homebroker-python\services\7_artificial_intelligence_service\venv\Lib\site-packages\sqlalchemy\util\langhelpers.py", line 1226, in __get__
    obj.__dict__[self.__name__] = result = self.fget(obj)
                                           ~~~~~~~~~^^^^^
  File "D:\Projetos_repositorio\gitLabRepo\homebroker2025\homebroker-python\services\7_artificial_intelligence_service\venv\Lib\site-packages\sqlalchemy\sql\schema.py", line 3199, in column
    return self._resolve_column()
           ~~~~~~~~~~~~~~~~~~~~^^
  File "D:\Projetos_repositorio\gitLabRepo\homebroker2025\homebroker-python\services\7_artificial_intelligence_service\venv\Lib\site-packages\sqlalchemy\sql\schema.py", line 3222, in _resolve_column
    raise exc.NoReferencedTableError(
    ...<5 lines>...
    )
sqlalchemy.exc.NoReferencedTableError: Foreign key associated with column 'transactions.user_id' could not find table 'public.users' with which to generate a foreign key to target column 'id'
2025-11-18 23:23:56 - uvicorn.error - ERROR - run_asgi:416 - Exception in ASGI application
Traceback (most recent call last):
  File "D:\Projetos_repositorio\gitLabRepo\homebroker2025\homebroker-python\services\7_artificial_intelligence_service\venv\Lib\site-packages\uvicorn\protocols\http\httptools_impl.py", line 411, in run_asgi
    result = await app(  # type: ignore[func-returns-value]
             ^^^^^^^^^^^^^^^^^^^^^^^^^^^^^^^^^^^^^^^^^^^^^^
        self.scope, self.receive, self.send
        ^^^^^^^^^^^^^^^^^^^^^^^^^^^^^^^^^^^
    )
    ^
  File "D:\Projetos_repositorio\gitLabRepo\homebroker2025\homebroker-python\services\7_artificial_intelligence_service\venv\Lib\site-packages\uvicorn\middleware\proxy_headers.py", line 69, in __call__
    return await self.app(scope, receive, send)
           ^^^^^^^^^^^^^^^^^^^^^^^^^^^^^^^^^^^^
  File "D:\Projetos_repositorio\gitLabRepo\homebroker2025\homebroker-python\services\7_artificial_intelligence_service\venv\Lib\site-packages\engineio\async_drivers\asgi.py", line 75, in __call__
    await self.other_asgi_app(scope, receive, send)
  File "D:\Projetos_repositorio\gitLabRepo\homebroker2025\homebroker-python\services\7_artificial_intelligence_service\venv\Lib\site-packages\fastapi\applications.py", line 1054, in __call__
    await super().__call__(scope, receive, send)
  File "D:\Projetos_repositorio\gitLabRepo\homebroker2025\homebroker-python\services\7_artificial_intelligence_service\venv\Lib\site-packages\starlette\applications.py", line 123, in __call__
    await self.middleware_stack(scope, receive, send)
  File "D:\Projetos_repositorio\gitLabRepo\homebroker2025\homebroker-python\services\7_artificial_intelligence_service\venv\Lib\site-packages\starlette\middleware\errors.py", line 186, in __call__
    raise exc
  File "D:\Projetos_repositorio\gitLabRepo\homebroker2025\homebroker-python\services\7_artificial_intelligence_service\venv\Lib\site-packages\starlette\middleware\errors.py", line 164, in __call__
    await self.app(scope, receive, _send)
  File "D:\Projetos_repositorio\gitLabRepo\homebroker2025\homebroker-python\services\7_artificial_intelligence_service\venv\Lib\site-packages\starlette\middleware\cors.py", line 85, in __call__
    await self.app(scope, receive, send)
  File "D:\Projetos_repositorio\gitLabRepo\homebroker2025\homebroker-python\services\7_artificial_intelligence_service\venv\Lib\site-packages\starlette\middleware\base.py", line 191, in __call__
    response = await self.dispatch_func(request, call_next)
               ^^^^^^^^^^^^^^^^^^^^^^^^^^^^^^^^^^^^^^^^^^^^
  File "D:\Projetos_repositorio\gitLabRepo\homebroker2025\homebroker-python\services\7_artificial_intelligence_service\middleware\tracking_middleware.py", line 75, in dispatch
    transaction = TransactionService.create_transaction(
        user_id=user_id,
    ...<4 lines>...
        endpoint=endpoint
    )
  File "D:\Projetos_repositorio\gitLabRepo\homebroker2025\homebroker-python\services\7_artificial_intelligence_service\services\transaction_service.py", line 63, in create_transaction
    db.commit()
    ~~~~~~~~~^^
  File "D:\Projetos_repositorio\gitLabRepo\homebroker2025\homebroker-python\services\7_artificial_intelligence_service\venv\Lib\site-packages\sqlalchemy\orm\session.py", line 2030, in commit
    trans.commit(_to_root=True)
    ~~~~~~~~~~~~^^^^^^^^^^^^^^^
  File "<string>", line 2, in commit
  File "D:\Projetos_repositorio\gitLabRepo\homebroker2025\homebroker-python\services\7_artificial_intelligence_service\venv\Lib\site-packages\sqlalchemy\orm\state_changes.py", line 137, in _go
    ret_value = fn(self, *arg, **kw)
  File "D:\Projetos_repositorio\gitLabRepo\homebroker2025\homebroker-python\services\7_artificial_intelligence_service\venv\Lib\site-packages\sqlalchemy\orm\session.py", line 1311, in commit
    self._prepare_impl()
    ~~~~~~~~~~~~~~~~~~^^
  File "<string>", line 2, in _prepare_impl
  File "D:\Projetos_repositorio\gitLabRepo\homebroker2025\homebroker-python\services\7_artificial_intelligence_service\venv\Lib\site-packages\sqlalchemy\orm\state_changes.py", line 137, in _go
    ret_value = fn(self, *arg, **kw)
  File "D:\Projetos_repositorio\gitLabRepo\homebroker2025\homebroker-python\services\7_artificial_intelligence_service\venv\Lib\site-packages\sqlalchemy\orm\session.py", line 1286, in _prepare_impl
    self.session.flush()
    ~~~~~~~~~~~~~~~~~~^^
  File "D:\Projetos_repositorio\gitLabRepo\homebroker2025\homebroker-python\services\7_artificial_intelligence_service\venv\Lib\site-packages\sqlalchemy\orm\session.py", line 4331, in flush
    self._flush(objects)
    ~~~~~~~~~~~^^^^^^^^^
  File "D:\Projetos_repositorio\gitLabRepo\homebroker2025\homebroker-python\services\7_artificial_intelligence_service\venv\Lib\site-packages\sqlalchemy\orm\session.py", line 4466, in _flush
    with util.safe_reraise():
         ~~~~~~~~~~~~~~~~~^^
  File "D:\Projetos_repositorio\gitLabRepo\homebroker2025\homebroker-python\services\7_artificial_intelligence_service\venv\Lib\site-packages\sqlalchemy\util\langhelpers.py", line 224, in __exit__
    raise exc_value.with_traceback(exc_tb)
  File "D:\Projetos_repositorio\gitLabRepo\homebroker2025\homebroker-python\services\7_artificial_intelligence_service\venv\Lib\site-packages\sqlalchemy\orm\session.py", line 4427, in _flush
    flush_context.execute()
    ~~~~~~~~~~~~~~~~~~~~~^^
  File "D:\Projetos_repositorio\gitLabRepo\homebroker2025\homebroker-python\services\7_artificial_intelligence_service\venv\Lib\site-packages\sqlalchemy\orm\unitofwork.py", line 466, in execute
    rec.execute(self)
    ~~~~~~~~~~~^^^^^^
  File "D:\Projetos_repositorio\gitLabRepo\homebroker2025\homebroker-python\services\7_artificial_intelligence_service\venv\Lib\site-packages\sqlalchemy\orm\unitofwork.py", line 642, in execute
    util.preloaded.orm_persistence.save_obj(
    ~~~~~~~~~~~~~~~~~~~~~~~~~~~~~~~~~~~~~~~^
        self.mapper,
        ^^^^^^^^^^^^
        uow.states_for_mapper_hierarchy(self.mapper, False, False),
        ^^^^^^^^^^^^^^^^^^^^^^^^^^^^^^^^^^^^^^^^^^^^^^^^^^^^^^^^^^^
        uow,
        ^^^^
    )
    ^
  File "D:\Projetos_repositorio\gitLabRepo\homebroker2025\homebroker-python\services\7_artificial_intelligence_service\venv\Lib\site-packages\sqlalchemy\orm\persistence.py", line 76, in save_obj
    for table, mapper in base_mapper._sorted_tables.items():
                         ^^^^^^^^^^^^^^^^^^^^^^^^^^
  File "D:\Projetos_repositorio\gitLabRepo\homebroker2025\homebroker-python\services\7_artificial_intelligence_service\venv\Lib\site-packages\sqlalchemy\util\langhelpers.py", line 1338, in __get__
    obj.__dict__[self.__name__] = result = self.fget(obj)
                                           ~~~~~~~~~^^^^^
  File "D:\Projetos_repositorio\gitLabRepo\homebroker2025\homebroker-python\services\7_artificial_intelligence_service\venv\Lib\site-packages\sqlalchemy\orm\mapper.py", line 4064, in _sorted_tables
    sorted_ = sql_util.sort_tables(
        table_to_mapper,
        skip_fn=skip,
        extra_dependencies=extra_dependencies,
    )
  File "D:\Projetos_repositorio\gitLabRepo\homebroker2025\homebroker-python\services\7_artificial_intelligence_service\venv\Lib\site-packages\sqlalchemy\sql\ddl.py", line 1318, in sort_tables
    for (t, fkcs) in sort_tables_and_constraints(
                     ~~~~~~~~~~~~~~~~~~~~~~~~~~~^
        tables,
        ^^^^^^^
    ...<2 lines>...
        _warn_for_cycles=True,
        ^^^^^^^^^^^^^^^^^^^^^^
    )
    ^
  File "D:\Projetos_repositorio\gitLabRepo\homebroker2025\homebroker-python\services\7_artificial_intelligence_service\venv\Lib\site-packages\sqlalchemy\sql\ddl.py", line 1388, in sort_tables_and_constraints
    filtered = filter_fn(fkc)
  File "D:\Projetos_repositorio\gitLabRepo\homebroker2025\homebroker-python\services\7_artificial_intelligence_service\venv\Lib\site-packages\sqlalchemy\sql\ddl.py", line 1308, in _skip_fn
    if fixed_skip_fn(fk):
       ~~~~~~~~~~~~~^^^^
  File "D:\Projetos_repositorio\gitLabRepo\homebroker2025\homebroker-python\services\7_artificial_intelligence_service\venv\Lib\site-packages\sqlalchemy\orm\mapper.py", line 4047, in skip
    dep = table_to_mapper.get(fk.column.table)
                              ^^^^^^^^^
  File "D:\Projetos_repositorio\gitLabRepo\homebroker2025\homebroker-python\services\7_artificial_intelligence_service\venv\Lib\site-packages\sqlalchemy\util\langhelpers.py", line 1226, in __get__
    obj.__dict__[self.__name__] = result = self.fget(obj)
                                           ~~~~~~~~~^^^^^
  File "D:\Projetos_repositorio\gitLabRepo\homebroker2025\homebroker-python\services\7_artificial_intelligence_service\venv\Lib\site-packages\sqlalchemy\sql\schema.py", line 3199, in column
    return self._resolve_column()
           ~~~~~~~~~~~~~~~~~~~~^^
  File "D:\Projetos_repositorio\gitLabRepo\homebroker2025\homebroker-python\services\7_artificial_intelligence_service\venv\Lib\site-packages\sqlalchemy\sql\schema.py", line 3222, in _resolve_column
    raise exc.NoReferencedTableError(
    ...<5 lines>...
    )
sqlalchemy.exc.NoReferencedTableError: Foreign key associated with column 'transactions.user_id' could not find table 'public.users' with which to generate a foreign key to target column 'id'
2025-11-18 23:24:14 - uvicorn.error - ERROR - run_asgi:416 - Exception in ASGI application
Traceback (most recent call last):
  File "D:\Projetos_repositorio\gitLabRepo\homebroker2025\homebroker-python\services\7_artificial_intelligence_service\venv\Lib\site-packages\uvicorn\protocols\http\httptools_impl.py", line 411, in run_asgi
    result = await app(  # type: ignore[func-returns-value]
             ^^^^^^^^^^^^^^^^^^^^^^^^^^^^^^^^^^^^^^^^^^^^^^
        self.scope, self.receive, self.send
        ^^^^^^^^^^^^^^^^^^^^^^^^^^^^^^^^^^^
    )
    ^
  File "D:\Projetos_repositorio\gitLabRepo\homebroker2025\homebroker-python\services\7_artificial_intelligence_service\venv\Lib\site-packages\uvicorn\middleware\proxy_headers.py", line 69, in __call__
    return await self.app(scope, receive, send)
           ^^^^^^^^^^^^^^^^^^^^^^^^^^^^^^^^^^^^
  File "D:\Projetos_repositorio\gitLabRepo\homebroker2025\homebroker-python\services\7_artificial_intelligence_service\venv\Lib\site-packages\engineio\async_drivers\asgi.py", line 75, in __call__
    await self.other_asgi_app(scope, receive, send)
  File "D:\Projetos_repositorio\gitLabRepo\homebroker2025\homebroker-python\services\7_artificial_intelligence_service\venv\Lib\site-packages\fastapi\applications.py", line 1054, in __call__
    await super().__call__(scope, receive, send)
  File "D:\Projetos_repositorio\gitLabRepo\homebroker2025\homebroker-python\services\7_artificial_intelligence_service\venv\Lib\site-packages\starlette\applications.py", line 123, in __call__
    await self.middleware_stack(scope, receive, send)
  File "D:\Projetos_repositorio\gitLabRepo\homebroker2025\homebroker-python\services\7_artificial_intelligence_service\venv\Lib\site-packages\starlette\middleware\errors.py", line 186, in __call__
    raise exc
  File "D:\Projetos_repositorio\gitLabRepo\homebroker2025\homebroker-python\services\7_artificial_intelligence_service\venv\Lib\site-packages\starlette\middleware\errors.py", line 164, in __call__
    await self.app(scope, receive, _send)
  File "D:\Projetos_repositorio\gitLabRepo\homebroker2025\homebroker-python\services\7_artificial_intelligence_service\venv\Lib\site-packages\starlette\middleware\cors.py", line 85, in __call__
    await self.app(scope, receive, send)
  File "D:\Projetos_repositorio\gitLabRepo\homebroker2025\homebroker-python\services\7_artificial_intelligence_service\venv\Lib\site-packages\starlette\middleware\base.py", line 191, in __call__
    response = await self.dispatch_func(request, call_next)
               ^^^^^^^^^^^^^^^^^^^^^^^^^^^^^^^^^^^^^^^^^^^^
  File "D:\Projetos_repositorio\gitLabRepo\homebroker2025\homebroker-python\services\7_artificial_intelligence_service\middleware\tracking_middleware.py", line 75, in dispatch
    transaction = TransactionService.create_transaction(
        user_id=user_id,
    ...<4 lines>...
        endpoint=endpoint
    )
  File "D:\Projetos_repositorio\gitLabRepo\homebroker2025\homebroker-python\services\7_artificial_intelligence_service\services\transaction_service.py", line 63, in create_transaction
    db.commit()
    ~~~~~~~~~^^
  File "D:\Projetos_repositorio\gitLabRepo\homebroker2025\homebroker-python\services\7_artificial_intelligence_service\venv\Lib\site-packages\sqlalchemy\orm\session.py", line 2030, in commit
    trans.commit(_to_root=True)
    ~~~~~~~~~~~~^^^^^^^^^^^^^^^
  File "<string>", line 2, in commit
  File "D:\Projetos_repositorio\gitLabRepo\homebroker2025\homebroker-python\services\7_artificial_intelligence_service\venv\Lib\site-packages\sqlalchemy\orm\state_changes.py", line 137, in _go
    ret_value = fn(self, *arg, **kw)
  File "D:\Projetos_repositorio\gitLabRepo\homebroker2025\homebroker-python\services\7_artificial_intelligence_service\venv\Lib\site-packages\sqlalchemy\orm\session.py", line 1311, in commit
    self._prepare_impl()
    ~~~~~~~~~~~~~~~~~~^^
  File "<string>", line 2, in _prepare_impl
  File "D:\Projetos_repositorio\gitLabRepo\homebroker2025\homebroker-python\services\7_artificial_intelligence_service\venv\Lib\site-packages\sqlalchemy\orm\state_changes.py", line 137, in _go
    ret_value = fn(self, *arg, **kw)
  File "D:\Projetos_repositorio\gitLabRepo\homebroker2025\homebroker-python\services\7_artificial_intelligence_service\venv\Lib\site-packages\sqlalchemy\orm\session.py", line 1286, in _prepare_impl
    self.session.flush()
    ~~~~~~~~~~~~~~~~~~^^
  File "D:\Projetos_repositorio\gitLabRepo\homebroker2025\homebroker-python\services\7_artificial_intelligence_service\venv\Lib\site-packages\sqlalchemy\orm\session.py", line 4331, in flush
    self._flush(objects)
    ~~~~~~~~~~~^^^^^^^^^
  File "D:\Projetos_repositorio\gitLabRepo\homebroker2025\homebroker-python\services\7_artificial_intelligence_service\venv\Lib\site-packages\sqlalchemy\orm\session.py", line 4466, in _flush
    with util.safe_reraise():
         ~~~~~~~~~~~~~~~~~^^
  File "D:\Projetos_repositorio\gitLabRepo\homebroker2025\homebroker-python\services\7_artificial_intelligence_service\venv\Lib\site-packages\sqlalchemy\util\langhelpers.py", line 224, in __exit__
    raise exc_value.with_traceback(exc_tb)
  File "D:\Projetos_repositorio\gitLabRepo\homebroker2025\homebroker-python\services\7_artificial_intelligence_service\venv\Lib\site-packages\sqlalchemy\orm\session.py", line 4427, in _flush
    flush_context.execute()
    ~~~~~~~~~~~~~~~~~~~~~^^
  File "D:\Projetos_repositorio\gitLabRepo\homebroker2025\homebroker-python\services\7_artificial_intelligence_service\venv\Lib\site-packages\sqlalchemy\orm\unitofwork.py", line 466, in execute
    rec.execute(self)
    ~~~~~~~~~~~^^^^^^
  File "D:\Projetos_repositorio\gitLabRepo\homebroker2025\homebroker-python\services\7_artificial_intelligence_service\venv\Lib\site-packages\sqlalchemy\orm\unitofwork.py", line 642, in execute
    util.preloaded.orm_persistence.save_obj(
    ~~~~~~~~~~~~~~~~~~~~~~~~~~~~~~~~~~~~~~~^
        self.mapper,
        ^^^^^^^^^^^^
        uow.states_for_mapper_hierarchy(self.mapper, False, False),
        ^^^^^^^^^^^^^^^^^^^^^^^^^^^^^^^^^^^^^^^^^^^^^^^^^^^^^^^^^^^
        uow,
        ^^^^
    )
    ^
  File "D:\Projetos_repositorio\gitLabRepo\homebroker2025\homebroker-python\services\7_artificial_intelligence_service\venv\Lib\site-packages\sqlalchemy\orm\persistence.py", line 76, in save_obj
    for table, mapper in base_mapper._sorted_tables.items():
                         ^^^^^^^^^^^^^^^^^^^^^^^^^^
  File "D:\Projetos_repositorio\gitLabRepo\homebroker2025\homebroker-python\services\7_artificial_intelligence_service\venv\Lib\site-packages\sqlalchemy\util\langhelpers.py", line 1338, in __get__
    obj.__dict__[self.__name__] = result = self.fget(obj)
                                           ~~~~~~~~~^^^^^
  File "D:\Projetos_repositorio\gitLabRepo\homebroker2025\homebroker-python\services\7_artificial_intelligence_service\venv\Lib\site-packages\sqlalchemy\orm\mapper.py", line 4064, in _sorted_tables
    sorted_ = sql_util.sort_tables(
        table_to_mapper,
        skip_fn=skip,
        extra_dependencies=extra_dependencies,
    )
  File "D:\Projetos_repositorio\gitLabRepo\homebroker2025\homebroker-python\services\7_artificial_intelligence_service\venv\Lib\site-packages\sqlalchemy\sql\ddl.py", line 1318, in sort_tables
    for (t, fkcs) in sort_tables_and_constraints(
                     ~~~~~~~~~~~~~~~~~~~~~~~~~~~^
        tables,
        ^^^^^^^
    ...<2 lines>...
        _warn_for_cycles=True,
        ^^^^^^^^^^^^^^^^^^^^^^
    )
    ^
  File "D:\Projetos_repositorio\gitLabRepo\homebroker2025\homebroker-python\services\7_artificial_intelligence_service\venv\Lib\site-packages\sqlalchemy\sql\ddl.py", line 1388, in sort_tables_and_constraints
    filtered = filter_fn(fkc)
  File "D:\Projetos_repositorio\gitLabRepo\homebroker2025\homebroker-python\services\7_artificial_intelligence_service\venv\Lib\site-packages\sqlalchemy\sql\ddl.py", line 1308, in _skip_fn
    if fixed_skip_fn(fk):
       ~~~~~~~~~~~~~^^^^
  File "D:\Projetos_repositorio\gitLabRepo\homebroker2025\homebroker-python\services\7_artificial_intelligence_service\venv\Lib\site-packages\sqlalchemy\orm\mapper.py", line 4047, in skip
    dep = table_to_mapper.get(fk.column.table)
                              ^^^^^^^^^
  File "D:\Projetos_repositorio\gitLabRepo\homebroker2025\homebroker-python\services\7_artificial_intelligence_service\venv\Lib\site-packages\sqlalchemy\util\langhelpers.py", line 1226, in __get__
    obj.__dict__[self.__name__] = result = self.fget(obj)
                                           ~~~~~~~~~^^^^^
  File "D:\Projetos_repositorio\gitLabRepo\homebroker2025\homebroker-python\services\7_artificial_intelligence_service\venv\Lib\site-packages\sqlalchemy\sql\schema.py", line 3199, in column
    return self._resolve_column()
           ~~~~~~~~~~~~~~~~~~~~^^
  File "D:\Projetos_repositorio\gitLabRepo\homebroker2025\homebroker-python\services\7_artificial_intelligence_service\venv\Lib\site-packages\sqlalchemy\sql\schema.py", line 3222, in _resolve_column
    raise exc.NoReferencedTableError(
    ...<5 lines>...
    )
sqlalchemy.exc.NoReferencedTableError: Foreign key associated with column 'transactions.user_id' could not find table 'public.users' with which to generate a foreign key to target column 'id'
2025-11-18 23:24:26 - uvicorn.error - INFO - shutdown:258 - Shutting down
2025-11-18 23:24:26 - uvicorn.error - INFO - shutdown:67 - Waiting for application shutdown.
2025-11-18 23:24:26 - chatbot_middleware - INFO - shutdown_event:85 - Encerrando Chatbot Middleware API...
2025-11-18 23:24:26 - uvicorn.error - INFO - shutdown:76 - Application shutdown complete.
2025-11-18 23:24:26 - uvicorn.error - INFO - _serve:92 - Finished server process [18112]
2025-11-18 23:24:31 - chatbot_middleware - INFO - configure_logging:91 - Sistema de logging configurado com nível: INFO
2025-11-18 23:24:31 - uvicorn.error - INFO - _serve:82 - Started server process [27432]
2025-11-18 23:24:31 - uvicorn.error - INFO - startup:48 - Waiting for application startup.
2025-11-18 23:24:31 - chatbot_middleware - INFO - startup_event:69 - Iniciando Chatbot Middleware API...
2025-11-18 23:24:31 - chatbot_middleware - INFO - startup_event:74 - Banco de dados inicializado com sucesso
2025-11-18 23:24:31 - chatbot_middleware - INFO - startup_event:78 - Chatbot Middleware API iniciada com sucesso!
2025-11-18 23:24:31 - uvicorn.error - INFO - startup:62 - Application startup complete.
2025-11-18 23:24:34 - uvicorn.error - ERROR - run_asgi:416 - Exception in ASGI application
Traceback (most recent call last):
  File "D:\Projetos_repositorio\gitLabRepo\homebroker2025\homebroker-python\services\7_artificial_intelligence_service\venv\Lib\site-packages\uvicorn\protocols\http\httptools_impl.py", line 411, in run_asgi
    result = await app(  # type: ignore[func-returns-value]
             ^^^^^^^^^^^^^^^^^^^^^^^^^^^^^^^^^^^^^^^^^^^^^^
        self.scope, self.receive, self.send
        ^^^^^^^^^^^^^^^^^^^^^^^^^^^^^^^^^^^
    )
    ^
  File "D:\Projetos_repositorio\gitLabRepo\homebroker2025\homebroker-python\services\7_artificial_intelligence_service\venv\Lib\site-packages\uvicorn\middleware\proxy_headers.py", line 69, in __call__
    return await self.app(scope, receive, send)
           ^^^^^^^^^^^^^^^^^^^^^^^^^^^^^^^^^^^^
  File "D:\Projetos_repositorio\gitLabRepo\homebroker2025\homebroker-python\services\7_artificial_intelligence_service\venv\Lib\site-packages\engineio\async_drivers\asgi.py", line 75, in __call__
    await self.other_asgi_app(scope, receive, send)
  File "D:\Projetos_repositorio\gitLabRepo\homebroker2025\homebroker-python\services\7_artificial_intelligence_service\venv\Lib\site-packages\fastapi\applications.py", line 1054, in __call__
    await super().__call__(scope, receive, send)
  File "D:\Projetos_repositorio\gitLabRepo\homebroker2025\homebroker-python\services\7_artificial_intelligence_service\venv\Lib\site-packages\starlette\applications.py", line 123, in __call__
    await self.middleware_stack(scope, receive, send)
  File "D:\Projetos_repositorio\gitLabRepo\homebroker2025\homebroker-python\services\7_artificial_intelligence_service\venv\Lib\site-packages\starlette\middleware\errors.py", line 186, in __call__
    raise exc
  File "D:\Projetos_repositorio\gitLabRepo\homebroker2025\homebroker-python\services\7_artificial_intelligence_service\venv\Lib\site-packages\starlette\middleware\errors.py", line 164, in __call__
    await self.app(scope, receive, _send)
  File "D:\Projetos_repositorio\gitLabRepo\homebroker2025\homebroker-python\services\7_artificial_intelligence_service\venv\Lib\site-packages\starlette\middleware\cors.py", line 85, in __call__
    await self.app(scope, receive, send)
  File "D:\Projetos_repositorio\gitLabRepo\homebroker2025\homebroker-python\services\7_artificial_intelligence_service\venv\Lib\site-packages\starlette\middleware\base.py", line 191, in __call__
    response = await self.dispatch_func(request, call_next)
               ^^^^^^^^^^^^^^^^^^^^^^^^^^^^^^^^^^^^^^^^^^^^
  File "D:\Projetos_repositorio\gitLabRepo\homebroker2025\homebroker-python\services\7_artificial_intelligence_service\middleware\tracking_middleware.py", line 75, in dispatch
    transaction = TransactionService.create_transaction(
        user_id=user_id,
    ...<4 lines>...
        endpoint=endpoint
    )
  File "D:\Projetos_repositorio\gitLabRepo\homebroker2025\homebroker-python\services\7_artificial_intelligence_service\services\transaction_service.py", line 63, in create_transaction
    db.commit()
    ~~~~~~~~~^^
  File "D:\Projetos_repositorio\gitLabRepo\homebroker2025\homebroker-python\services\7_artificial_intelligence_service\venv\Lib\site-packages\sqlalchemy\orm\session.py", line 2030, in commit
    trans.commit(_to_root=True)
    ~~~~~~~~~~~~^^^^^^^^^^^^^^^
  File "<string>", line 2, in commit
  File "D:\Projetos_repositorio\gitLabRepo\homebroker2025\homebroker-python\services\7_artificial_intelligence_service\venv\Lib\site-packages\sqlalchemy\orm\state_changes.py", line 137, in _go
    ret_value = fn(self, *arg, **kw)
  File "D:\Projetos_repositorio\gitLabRepo\homebroker2025\homebroker-python\services\7_artificial_intelligence_service\venv\Lib\site-packages\sqlalchemy\orm\session.py", line 1311, in commit
    self._prepare_impl()
    ~~~~~~~~~~~~~~~~~~^^
  File "<string>", line 2, in _prepare_impl
  File "D:\Projetos_repositorio\gitLabRepo\homebroker2025\homebroker-python\services\7_artificial_intelligence_service\venv\Lib\site-packages\sqlalchemy\orm\state_changes.py", line 137, in _go
    ret_value = fn(self, *arg, **kw)
  File "D:\Projetos_repositorio\gitLabRepo\homebroker2025\homebroker-python\services\7_artificial_intelligence_service\venv\Lib\site-packages\sqlalchemy\orm\session.py", line 1286, in _prepare_impl
    self.session.flush()
    ~~~~~~~~~~~~~~~~~~^^
  File "D:\Projetos_repositorio\gitLabRepo\homebroker2025\homebroker-python\services\7_artificial_intelligence_service\venv\Lib\site-packages\sqlalchemy\orm\session.py", line 4331, in flush
    self._flush(objects)
    ~~~~~~~~~~~^^^^^^^^^
  File "D:\Projetos_repositorio\gitLabRepo\homebroker2025\homebroker-python\services\7_artificial_intelligence_service\venv\Lib\site-packages\sqlalchemy\orm\session.py", line 4466, in _flush
    with util.safe_reraise():
         ~~~~~~~~~~~~~~~~~^^
  File "D:\Projetos_repositorio\gitLabRepo\homebroker2025\homebroker-python\services\7_artificial_intelligence_service\venv\Lib\site-packages\sqlalchemy\util\langhelpers.py", line 224, in __exit__
    raise exc_value.with_traceback(exc_tb)
  File "D:\Projetos_repositorio\gitLabRepo\homebroker2025\homebroker-python\services\7_artificial_intelligence_service\venv\Lib\site-packages\sqlalchemy\orm\session.py", line 4427, in _flush
    flush_context.execute()
    ~~~~~~~~~~~~~~~~~~~~~^^
  File "D:\Projetos_repositorio\gitLabRepo\homebroker2025\homebroker-python\services\7_artificial_intelligence_service\venv\Lib\site-packages\sqlalchemy\orm\unitofwork.py", line 466, in execute
    rec.execute(self)
    ~~~~~~~~~~~^^^^^^
  File "D:\Projetos_repositorio\gitLabRepo\homebroker2025\homebroker-python\services\7_artificial_intelligence_service\venv\Lib\site-packages\sqlalchemy\orm\unitofwork.py", line 642, in execute
    util.preloaded.orm_persistence.save_obj(
    ~~~~~~~~~~~~~~~~~~~~~~~~~~~~~~~~~~~~~~~^
        self.mapper,
        ^^^^^^^^^^^^
        uow.states_for_mapper_hierarchy(self.mapper, False, False),
        ^^^^^^^^^^^^^^^^^^^^^^^^^^^^^^^^^^^^^^^^^^^^^^^^^^^^^^^^^^^
        uow,
        ^^^^
    )
    ^
  File "D:\Projetos_repositorio\gitLabRepo\homebroker2025\homebroker-python\services\7_artificial_intelligence_service\venv\Lib\site-packages\sqlalchemy\orm\persistence.py", line 76, in save_obj
    for table, mapper in base_mapper._sorted_tables.items():
                         ^^^^^^^^^^^^^^^^^^^^^^^^^^
  File "D:\Projetos_repositorio\gitLabRepo\homebroker2025\homebroker-python\services\7_artificial_intelligence_service\venv\Lib\site-packages\sqlalchemy\util\langhelpers.py", line 1338, in __get__
    obj.__dict__[self.__name__] = result = self.fget(obj)
                                           ~~~~~~~~~^^^^^
  File "D:\Projetos_repositorio\gitLabRepo\homebroker2025\homebroker-python\services\7_artificial_intelligence_service\venv\Lib\site-packages\sqlalchemy\orm\mapper.py", line 4064, in _sorted_tables
    sorted_ = sql_util.sort_tables(
        table_to_mapper,
        skip_fn=skip,
        extra_dependencies=extra_dependencies,
    )
  File "D:\Projetos_repositorio\gitLabRepo\homebroker2025\homebroker-python\services\7_artificial_intelligence_service\venv\Lib\site-packages\sqlalchemy\sql\ddl.py", line 1318, in sort_tables
    for (t, fkcs) in sort_tables_and_constraints(
                     ~~~~~~~~~~~~~~~~~~~~~~~~~~~^
        tables,
        ^^^^^^^
    ...<2 lines>...
        _warn_for_cycles=True,
        ^^^^^^^^^^^^^^^^^^^^^^
    )
    ^
  File "D:\Projetos_repositorio\gitLabRepo\homebroker2025\homebroker-python\services\7_artificial_intelligence_service\venv\Lib\site-packages\sqlalchemy\sql\ddl.py", line 1388, in sort_tables_and_constraints
    filtered = filter_fn(fkc)
  File "D:\Projetos_repositorio\gitLabRepo\homebroker2025\homebroker-python\services\7_artificial_intelligence_service\venv\Lib\site-packages\sqlalchemy\sql\ddl.py", line 1308, in _skip_fn
    if fixed_skip_fn(fk):
       ~~~~~~~~~~~~~^^^^
  File "D:\Projetos_repositorio\gitLabRepo\homebroker2025\homebroker-python\services\7_artificial_intelligence_service\venv\Lib\site-packages\sqlalchemy\orm\mapper.py", line 4047, in skip
    dep = table_to_mapper.get(fk.column.table)
                              ^^^^^^^^^
  File "D:\Projetos_repositorio\gitLabRepo\homebroker2025\homebroker-python\services\7_artificial_intelligence_service\venv\Lib\site-packages\sqlalchemy\util\langhelpers.py", line 1226, in __get__
    obj.__dict__[self.__name__] = result = self.fget(obj)
                                           ~~~~~~~~~^^^^^
  File "D:\Projetos_repositorio\gitLabRepo\homebroker2025\homebroker-python\services\7_artificial_intelligence_service\venv\Lib\site-packages\sqlalchemy\sql\schema.py", line 3199, in column
    return self._resolve_column()
           ~~~~~~~~~~~~~~~~~~~~^^
  File "D:\Projetos_repositorio\gitLabRepo\homebroker2025\homebroker-python\services\7_artificial_intelligence_service\venv\Lib\site-packages\sqlalchemy\sql\schema.py", line 3222, in _resolve_column
    raise exc.NoReferencedTableError(
    ...<5 lines>...
    )
sqlalchemy.exc.NoReferencedTableError: Foreign key associated with column 'transactions.user_id' could not find table 'public.users' with which to generate a foreign key to target column 'id'
2025-11-18 23:24:54 - uvicorn.error - ERROR - run_asgi:416 - Exception in ASGI application
Traceback (most recent call last):
  File "D:\Projetos_repositorio\gitLabRepo\homebroker2025\homebroker-python\services\7_artificial_intelligence_service\venv\Lib\site-packages\uvicorn\protocols\http\httptools_impl.py", line 411, in run_asgi
    result = await app(  # type: ignore[func-returns-value]
             ^^^^^^^^^^^^^^^^^^^^^^^^^^^^^^^^^^^^^^^^^^^^^^
        self.scope, self.receive, self.send
        ^^^^^^^^^^^^^^^^^^^^^^^^^^^^^^^^^^^
    )
    ^
  File "D:\Projetos_repositorio\gitLabRepo\homebroker2025\homebroker-python\services\7_artificial_intelligence_service\venv\Lib\site-packages\uvicorn\middleware\proxy_headers.py", line 69, in __call__
    return await self.app(scope, receive, send)
           ^^^^^^^^^^^^^^^^^^^^^^^^^^^^^^^^^^^^
  File "D:\Projetos_repositorio\gitLabRepo\homebroker2025\homebroker-python\services\7_artificial_intelligence_service\venv\Lib\site-packages\engineio\async_drivers\asgi.py", line 75, in __call__
    await self.other_asgi_app(scope, receive, send)
  File "D:\Projetos_repositorio\gitLabRepo\homebroker2025\homebroker-python\services\7_artificial_intelligence_service\venv\Lib\site-packages\fastapi\applications.py", line 1054, in __call__
    await super().__call__(scope, receive, send)
  File "D:\Projetos_repositorio\gitLabRepo\homebroker2025\homebroker-python\services\7_artificial_intelligence_service\venv\Lib\site-packages\starlette\applications.py", line 123, in __call__
    await self.middleware_stack(scope, receive, send)
  File "D:\Projetos_repositorio\gitLabRepo\homebroker2025\homebroker-python\services\7_artificial_intelligence_service\venv\Lib\site-packages\starlette\middleware\errors.py", line 186, in __call__
    raise exc
  File "D:\Projetos_repositorio\gitLabRepo\homebroker2025\homebroker-python\services\7_artificial_intelligence_service\venv\Lib\site-packages\starlette\middleware\errors.py", line 164, in __call__
    await self.app(scope, receive, _send)
  File "D:\Projetos_repositorio\gitLabRepo\homebroker2025\homebroker-python\services\7_artificial_intelligence_service\venv\Lib\site-packages\starlette\middleware\cors.py", line 85, in __call__
    await self.app(scope, receive, send)
  File "D:\Projetos_repositorio\gitLabRepo\homebroker2025\homebroker-python\services\7_artificial_intelligence_service\venv\Lib\site-packages\starlette\middleware\base.py", line 191, in __call__
    response = await self.dispatch_func(request, call_next)
               ^^^^^^^^^^^^^^^^^^^^^^^^^^^^^^^^^^^^^^^^^^^^
  File "D:\Projetos_repositorio\gitLabRepo\homebroker2025\homebroker-python\services\7_artificial_intelligence_service\middleware\tracking_middleware.py", line 75, in dispatch
    transaction = TransactionService.create_transaction(
        user_id=user_id,
    ...<4 lines>...
        endpoint=endpoint
    )
  File "D:\Projetos_repositorio\gitLabRepo\homebroker2025\homebroker-python\services\7_artificial_intelligence_service\services\transaction_service.py", line 63, in create_transaction
    db.commit()
    ~~~~~~~~~^^
  File "D:\Projetos_repositorio\gitLabRepo\homebroker2025\homebroker-python\services\7_artificial_intelligence_service\venv\Lib\site-packages\sqlalchemy\orm\session.py", line 2030, in commit
    trans.commit(_to_root=True)
    ~~~~~~~~~~~~^^^^^^^^^^^^^^^
  File "<string>", line 2, in commit
  File "D:\Projetos_repositorio\gitLabRepo\homebroker2025\homebroker-python\services\7_artificial_intelligence_service\venv\Lib\site-packages\sqlalchemy\orm\state_changes.py", line 137, in _go
    ret_value = fn(self, *arg, **kw)
  File "D:\Projetos_repositorio\gitLabRepo\homebroker2025\homebroker-python\services\7_artificial_intelligence_service\venv\Lib\site-packages\sqlalchemy\orm\session.py", line 1311, in commit
    self._prepare_impl()
    ~~~~~~~~~~~~~~~~~~^^
  File "<string>", line 2, in _prepare_impl
  File "D:\Projetos_repositorio\gitLabRepo\homebroker2025\homebroker-python\services\7_artificial_intelligence_service\venv\Lib\site-packages\sqlalchemy\orm\state_changes.py", line 137, in _go
    ret_value = fn(self, *arg, **kw)
  File "D:\Projetos_repositorio\gitLabRepo\homebroker2025\homebroker-python\services\7_artificial_intelligence_service\venv\Lib\site-packages\sqlalchemy\orm\session.py", line 1286, in _prepare_impl
    self.session.flush()
    ~~~~~~~~~~~~~~~~~~^^
  File "D:\Projetos_repositorio\gitLabRepo\homebroker2025\homebroker-python\services\7_artificial_intelligence_service\venv\Lib\site-packages\sqlalchemy\orm\session.py", line 4331, in flush
    self._flush(objects)
    ~~~~~~~~~~~^^^^^^^^^
  File "D:\Projetos_repositorio\gitLabRepo\homebroker2025\homebroker-python\services\7_artificial_intelligence_service\venv\Lib\site-packages\sqlalchemy\orm\session.py", line 4466, in _flush
    with util.safe_reraise():
         ~~~~~~~~~~~~~~~~~^^
  File "D:\Projetos_repositorio\gitLabRepo\homebroker2025\homebroker-python\services\7_artificial_intelligence_service\venv\Lib\site-packages\sqlalchemy\util\langhelpers.py", line 224, in __exit__
    raise exc_value.with_traceback(exc_tb)
  File "D:\Projetos_repositorio\gitLabRepo\homebroker2025\homebroker-python\services\7_artificial_intelligence_service\venv\Lib\site-packages\sqlalchemy\orm\session.py", line 4427, in _flush
    flush_context.execute()
    ~~~~~~~~~~~~~~~~~~~~~^^
  File "D:\Projetos_repositorio\gitLabRepo\homebroker2025\homebroker-python\services\7_artificial_intelligence_service\venv\Lib\site-packages\sqlalchemy\orm\unitofwork.py", line 466, in execute
    rec.execute(self)
    ~~~~~~~~~~~^^^^^^
  File "D:\Projetos_repositorio\gitLabRepo\homebroker2025\homebroker-python\services\7_artificial_intelligence_service\venv\Lib\site-packages\sqlalchemy\orm\unitofwork.py", line 642, in execute
    util.preloaded.orm_persistence.save_obj(
    ~~~~~~~~~~~~~~~~~~~~~~~~~~~~~~~~~~~~~~~^
        self.mapper,
        ^^^^^^^^^^^^
        uow.states_for_mapper_hierarchy(self.mapper, False, False),
        ^^^^^^^^^^^^^^^^^^^^^^^^^^^^^^^^^^^^^^^^^^^^^^^^^^^^^^^^^^^
        uow,
        ^^^^
    )
    ^
  File "D:\Projetos_repositorio\gitLabRepo\homebroker2025\homebroker-python\services\7_artificial_intelligence_service\venv\Lib\site-packages\sqlalchemy\orm\persistence.py", line 76, in save_obj
    for table, mapper in base_mapper._sorted_tables.items():
                         ^^^^^^^^^^^^^^^^^^^^^^^^^^
  File "D:\Projetos_repositorio\gitLabRepo\homebroker2025\homebroker-python\services\7_artificial_intelligence_service\venv\Lib\site-packages\sqlalchemy\util\langhelpers.py", line 1338, in __get__
    obj.__dict__[self.__name__] = result = self.fget(obj)
                                           ~~~~~~~~~^^^^^
  File "D:\Projetos_repositorio\gitLabRepo\homebroker2025\homebroker-python\services\7_artificial_intelligence_service\venv\Lib\site-packages\sqlalchemy\orm\mapper.py", line 4064, in _sorted_tables
    sorted_ = sql_util.sort_tables(
        table_to_mapper,
        skip_fn=skip,
        extra_dependencies=extra_dependencies,
    )
  File "D:\Projetos_repositorio\gitLabRepo\homebroker2025\homebroker-python\services\7_artificial_intelligence_service\venv\Lib\site-packages\sqlalchemy\sql\ddl.py", line 1318, in sort_tables
    for (t, fkcs) in sort_tables_and_constraints(
                     ~~~~~~~~~~~~~~~~~~~~~~~~~~~^
        tables,
        ^^^^^^^
    ...<2 lines>...
        _warn_for_cycles=True,
        ^^^^^^^^^^^^^^^^^^^^^^
    )
    ^
  File "D:\Projetos_repositorio\gitLabRepo\homebroker2025\homebroker-python\services\7_artificial_intelligence_service\venv\Lib\site-packages\sqlalchemy\sql\ddl.py", line 1388, in sort_tables_and_constraints
    filtered = filter_fn(fkc)
  File "D:\Projetos_repositorio\gitLabRepo\homebroker2025\homebroker-python\services\7_artificial_intelligence_service\venv\Lib\site-packages\sqlalchemy\sql\ddl.py", line 1308, in _skip_fn
    if fixed_skip_fn(fk):
       ~~~~~~~~~~~~~^^^^
  File "D:\Projetos_repositorio\gitLabRepo\homebroker2025\homebroker-python\services\7_artificial_intelligence_service\venv\Lib\site-packages\sqlalchemy\orm\mapper.py", line 4047, in skip
    dep = table_to_mapper.get(fk.column.table)
                              ^^^^^^^^^
  File "D:\Projetos_repositorio\gitLabRepo\homebroker2025\homebroker-python\services\7_artificial_intelligence_service\venv\Lib\site-packages\sqlalchemy\util\langhelpers.py", line 1226, in __get__
    obj.__dict__[self.__name__] = result = self.fget(obj)
                                           ~~~~~~~~~^^^^^
  File "D:\Projetos_repositorio\gitLabRepo\homebroker2025\homebroker-python\services\7_artificial_intelligence_service\venv\Lib\site-packages\sqlalchemy\sql\schema.py", line 3199, in column
    return self._resolve_column()
           ~~~~~~~~~~~~~~~~~~~~^^
  File "D:\Projetos_repositorio\gitLabRepo\homebroker2025\homebroker-python\services\7_artificial_intelligence_service\venv\Lib\site-packages\sqlalchemy\sql\schema.py", line 3222, in _resolve_column
    raise exc.NoReferencedTableError(
    ...<5 lines>...
    )
sqlalchemy.exc.NoReferencedTableError: Foreign key associated with column 'transactions.user_id' could not find table 'public.users' with which to generate a foreign key to target column 'id'
2025-11-18 23:25:20 - uvicorn.error - INFO - shutdown:258 - Shutting down
2025-11-18 23:25:20 - uvicorn.error - INFO - shutdown:67 - Waiting for application shutdown.
2025-11-18 23:25:20 - chatbot_middleware - INFO - shutdown_event:85 - Encerrando Chatbot Middleware API...
2025-11-18 23:25:20 - uvicorn.error - INFO - shutdown:76 - Application shutdown complete.
2025-11-18 23:25:20 - uvicorn.error - INFO - _serve:92 - Finished server process [32228]
2025-11-18 23:25:23 - chatbot_middleware - INFO - configure_logging:91 - Sistema de logging configurado com nível: INFO
2025-11-18 23:25:23 - uvicorn.error - INFO - _serve:82 - Started server process [22200]
2025-11-18 23:25:23 - uvicorn.error - INFO - startup:48 - Waiting for application startup.
2025-11-18 23:25:23 - chatbot_middleware - INFO - startup_event:69 - Iniciando Chatbot Middleware API...
2025-11-18 23:25:23 - chatbot_middleware - INFO - startup_event:74 - Banco de dados inicializado com sucesso
2025-11-18 23:25:23 - chatbot_middleware - INFO - startup_event:78 - Chatbot Middleware API iniciada com sucesso!
2025-11-18 23:25:23 - uvicorn.error - INFO - startup:62 - Application startup complete.
2025-11-18 23:25:23 - chatbot_middleware - INFO - shutdown_event:85 - Encerrando Chatbot Middleware API...
2025-11-18 23:25:23 - uvicorn.error - ERROR - send:134 - Traceback (most recent call last):
  File "C:\Python313\Lib\asyncio\runners.py", line 118, in run
    return self._loop.run_until_complete(task)
           ~~~~~~~~~~~~~~~~~~~~~~~~~~~~~^^^^^^
  File "C:\Python313\Lib\asyncio\base_events.py", line 725, in run_until_complete
    return future.result()
           ~~~~~~~~~~~~~^^
asyncio.exceptions.CancelledError

During handling of the above exception, another exception occurred:

Traceback (most recent call last):
  File "C:\Python313\Lib\asyncio\runners.py", line 195, in run
    return runner.run(main)
           ~~~~~~~~~~^^^^^^
  File "C:\Python313\Lib\asyncio\runners.py", line 123, in run
    raise KeyboardInterrupt()
KeyboardInterrupt

During handling of the above exception, another exception occurred:

Traceback (most recent call last):
  File "D:\Projetos_repositorio\gitLabRepo\homebroker2025\homebroker-python\services\7_artificial_intelligence_service\venv\Lib\site-packages\starlette\routing.py", line 741, in lifespan
    await receive()
  File "D:\Projetos_repositorio\gitLabRepo\homebroker2025\homebroker-python\services\7_artificial_intelligence_service\venv\Lib\site-packages\uvicorn\lifespan\on.py", line 137, in receive
    return await self.receive_queue.get()
           ^^^^^^^^^^^^^^^^^^^^^^^^^^^^^^
  File "C:\Python313\Lib\asyncio\queues.py", line 186, in get
    await getter
asyncio.exceptions.CancelledError

2025-11-18 23:25:26 - chatbot_middleware - INFO - configure_logging:91 - Sistema de logging configurado com nível: INFO
2025-11-18 23:25:26 - uvicorn.error - INFO - _serve:82 - Started server process [8548]
2025-11-18 23:25:26 - uvicorn.error - INFO - startup:48 - Waiting for application startup.
2025-11-18 23:25:26 - chatbot_middleware - INFO - startup_event:69 - Iniciando Chatbot Middleware API...
2025-11-18 23:25:26 - chatbot_middleware - INFO - startup_event:74 - Banco de dados inicializado com sucesso
2025-11-18 23:25:26 - chatbot_middleware - INFO - startup_event:78 - Chatbot Middleware API iniciada com sucesso!
2025-11-18 23:25:26 - uvicorn.error - INFO - startup:62 - Application startup complete.
2025-11-18 23:25:40 - uvicorn.error - ERROR - run_asgi:416 - Exception in ASGI application
Traceback (most recent call last):
  File "D:\Projetos_repositorio\gitLabRepo\homebroker2025\homebroker-python\services\7_artificial_intelligence_service\venv\Lib\site-packages\uvicorn\protocols\http\httptools_impl.py", line 411, in run_asgi
    result = await app(  # type: ignore[func-returns-value]
             ^^^^^^^^^^^^^^^^^^^^^^^^^^^^^^^^^^^^^^^^^^^^^^
        self.scope, self.receive, self.send
        ^^^^^^^^^^^^^^^^^^^^^^^^^^^^^^^^^^^
    )
    ^
  File "D:\Projetos_repositorio\gitLabRepo\homebroker2025\homebroker-python\services\7_artificial_intelligence_service\venv\Lib\site-packages\uvicorn\middleware\proxy_headers.py", line 69, in __call__
    return await self.app(scope, receive, send)
           ^^^^^^^^^^^^^^^^^^^^^^^^^^^^^^^^^^^^
  File "D:\Projetos_repositorio\gitLabRepo\homebroker2025\homebroker-python\services\7_artificial_intelligence_service\venv\Lib\site-packages\engineio\async_drivers\asgi.py", line 75, in __call__
    await self.other_asgi_app(scope, receive, send)
  File "D:\Projetos_repositorio\gitLabRepo\homebroker2025\homebroker-python\services\7_artificial_intelligence_service\venv\Lib\site-packages\fastapi\applications.py", line 1054, in __call__
    await super().__call__(scope, receive, send)
  File "D:\Projetos_repositorio\gitLabRepo\homebroker2025\homebroker-python\services\7_artificial_intelligence_service\venv\Lib\site-packages\starlette\applications.py", line 123, in __call__
    await self.middleware_stack(scope, receive, send)
  File "D:\Projetos_repositorio\gitLabRepo\homebroker2025\homebroker-python\services\7_artificial_intelligence_service\venv\Lib\site-packages\starlette\middleware\errors.py", line 186, in __call__
    raise exc
  File "D:\Projetos_repositorio\gitLabRepo\homebroker2025\homebroker-python\services\7_artificial_intelligence_service\venv\Lib\site-packages\starlette\middleware\errors.py", line 164, in __call__
    await self.app(scope, receive, _send)
  File "D:\Projetos_repositorio\gitLabRepo\homebroker2025\homebroker-python\services\7_artificial_intelligence_service\venv\Lib\site-packages\starlette\middleware\cors.py", line 85, in __call__
    await self.app(scope, receive, send)
  File "D:\Projetos_repositorio\gitLabRepo\homebroker2025\homebroker-python\services\7_artificial_intelligence_service\venv\Lib\site-packages\starlette\middleware\base.py", line 191, in __call__
    response = await self.dispatch_func(request, call_next)
               ^^^^^^^^^^^^^^^^^^^^^^^^^^^^^^^^^^^^^^^^^^^^
  File "D:\Projetos_repositorio\gitLabRepo\homebroker2025\homebroker-python\services\7_artificial_intelligence_service\middleware\tracking_middleware.py", line 75, in dispatch
    transaction = TransactionService.create_transaction(
        user_id=user_id,
    ...<4 lines>...
        endpoint=endpoint
    )
  File "D:\Projetos_repositorio\gitLabRepo\homebroker2025\homebroker-python\services\7_artificial_intelligence_service\services\transaction_service.py", line 63, in create_transaction
    db.commit()
    ~~~~~~~~~^^
  File "D:\Projetos_repositorio\gitLabRepo\homebroker2025\homebroker-python\services\7_artificial_intelligence_service\venv\Lib\site-packages\sqlalchemy\orm\session.py", line 2030, in commit
    trans.commit(_to_root=True)
    ~~~~~~~~~~~~^^^^^^^^^^^^^^^
  File "<string>", line 2, in commit
  File "D:\Projetos_repositorio\gitLabRepo\homebroker2025\homebroker-python\services\7_artificial_intelligence_service\venv\Lib\site-packages\sqlalchemy\orm\state_changes.py", line 137, in _go
    ret_value = fn(self, *arg, **kw)
  File "D:\Projetos_repositorio\gitLabRepo\homebroker2025\homebroker-python\services\7_artificial_intelligence_service\venv\Lib\site-packages\sqlalchemy\orm\session.py", line 1311, in commit
    self._prepare_impl()
    ~~~~~~~~~~~~~~~~~~^^
  File "<string>", line 2, in _prepare_impl
  File "D:\Projetos_repositorio\gitLabRepo\homebroker2025\homebroker-python\services\7_artificial_intelligence_service\venv\Lib\site-packages\sqlalchemy\orm\state_changes.py", line 137, in _go
    ret_value = fn(self, *arg, **kw)
  File "D:\Projetos_repositorio\gitLabRepo\homebroker2025\homebroker-python\services\7_artificial_intelligence_service\venv\Lib\site-packages\sqlalchemy\orm\session.py", line 1286, in _prepare_impl
    self.session.flush()
    ~~~~~~~~~~~~~~~~~~^^
  File "D:\Projetos_repositorio\gitLabRepo\homebroker2025\homebroker-python\services\7_artificial_intelligence_service\venv\Lib\site-packages\sqlalchemy\orm\session.py", line 4331, in flush
    self._flush(objects)
    ~~~~~~~~~~~^^^^^^^^^
  File "D:\Projetos_repositorio\gitLabRepo\homebroker2025\homebroker-python\services\7_artificial_intelligence_service\venv\Lib\site-packages\sqlalchemy\orm\session.py", line 4466, in _flush
    with util.safe_reraise():
         ~~~~~~~~~~~~~~~~~^^
  File "D:\Projetos_repositorio\gitLabRepo\homebroker2025\homebroker-python\services\7_artificial_intelligence_service\venv\Lib\site-packages\sqlalchemy\util\langhelpers.py", line 224, in __exit__
    raise exc_value.with_traceback(exc_tb)
  File "D:\Projetos_repositorio\gitLabRepo\homebroker2025\homebroker-python\services\7_artificial_intelligence_service\venv\Lib\site-packages\sqlalchemy\orm\session.py", line 4427, in _flush
    flush_context.execute()
    ~~~~~~~~~~~~~~~~~~~~~^^
  File "D:\Projetos_repositorio\gitLabRepo\homebroker2025\homebroker-python\services\7_artificial_intelligence_service\venv\Lib\site-packages\sqlalchemy\orm\unitofwork.py", line 466, in execute
    rec.execute(self)
    ~~~~~~~~~~~^^^^^^
  File "D:\Projetos_repositorio\gitLabRepo\homebroker2025\homebroker-python\services\7_artificial_intelligence_service\venv\Lib\site-packages\sqlalchemy\orm\unitofwork.py", line 642, in execute
    util.preloaded.orm_persistence.save_obj(
    ~~~~~~~~~~~~~~~~~~~~~~~~~~~~~~~~~~~~~~~^
        self.mapper,
        ^^^^^^^^^^^^
        uow.states_for_mapper_hierarchy(self.mapper, False, False),
        ^^^^^^^^^^^^^^^^^^^^^^^^^^^^^^^^^^^^^^^^^^^^^^^^^^^^^^^^^^^
        uow,
        ^^^^
    )
    ^
  File "D:\Projetos_repositorio\gitLabRepo\homebroker2025\homebroker-python\services\7_artificial_intelligence_service\venv\Lib\site-packages\sqlalchemy\orm\persistence.py", line 76, in save_obj
    for table, mapper in base_mapper._sorted_tables.items():
                         ^^^^^^^^^^^^^^^^^^^^^^^^^^
  File "D:\Projetos_repositorio\gitLabRepo\homebroker2025\homebroker-python\services\7_artificial_intelligence_service\venv\Lib\site-packages\sqlalchemy\util\langhelpers.py", line 1338, in __get__
    obj.__dict__[self.__name__] = result = self.fget(obj)
                                           ~~~~~~~~~^^^^^
  File "D:\Projetos_repositorio\gitLabRepo\homebroker2025\homebroker-python\services\7_artificial_intelligence_service\venv\Lib\site-packages\sqlalchemy\orm\mapper.py", line 4064, in _sorted_tables
    sorted_ = sql_util.sort_tables(
        table_to_mapper,
        skip_fn=skip,
        extra_dependencies=extra_dependencies,
    )
  File "D:\Projetos_repositorio\gitLabRepo\homebroker2025\homebroker-python\services\7_artificial_intelligence_service\venv\Lib\site-packages\sqlalchemy\sql\ddl.py", line 1318, in sort_tables
    for (t, fkcs) in sort_tables_and_constraints(
                     ~~~~~~~~~~~~~~~~~~~~~~~~~~~^
        tables,
        ^^^^^^^
    ...<2 lines>...
        _warn_for_cycles=True,
        ^^^^^^^^^^^^^^^^^^^^^^
    )
    ^
  File "D:\Projetos_repositorio\gitLabRepo\homebroker2025\homebroker-python\services\7_artificial_intelligence_service\venv\Lib\site-packages\sqlalchemy\sql\ddl.py", line 1388, in sort_tables_and_constraints
    filtered = filter_fn(fkc)
  File "D:\Projetos_repositorio\gitLabRepo\homebroker2025\homebroker-python\services\7_artificial_intelligence_service\venv\Lib\site-packages\sqlalchemy\sql\ddl.py", line 1308, in _skip_fn
    if fixed_skip_fn(fk):
       ~~~~~~~~~~~~~^^^^
  File "D:\Projetos_repositorio\gitLabRepo\homebroker2025\homebroker-python\services\7_artificial_intelligence_service\venv\Lib\site-packages\sqlalchemy\orm\mapper.py", line 4047, in skip
    dep = table_to_mapper.get(fk.column.table)
                              ^^^^^^^^^
  File "D:\Projetos_repositorio\gitLabRepo\homebroker2025\homebroker-python\services\7_artificial_intelligence_service\venv\Lib\site-packages\sqlalchemy\util\langhelpers.py", line 1226, in __get__
    obj.__dict__[self.__name__] = result = self.fget(obj)
                                           ~~~~~~~~~^^^^^
  File "D:\Projetos_repositorio\gitLabRepo\homebroker2025\homebroker-python\services\7_artificial_intelligence_service\venv\Lib\site-packages\sqlalchemy\sql\schema.py", line 3199, in column
    return self._resolve_column()
           ~~~~~~~~~~~~~~~~~~~~^^
  File "D:\Projetos_repositorio\gitLabRepo\homebroker2025\homebroker-python\services\7_artificial_intelligence_service\venv\Lib\site-packages\sqlalchemy\sql\schema.py", line 3222, in _resolve_column
    raise exc.NoReferencedTableError(
    ...<5 lines>...
    )
sqlalchemy.exc.NoReferencedTableError: Foreign key associated with column 'transactions.user_id' could not find table 'public.users' with which to generate a foreign key to target column 'id'
2025-11-18 23:26:26 - uvicorn.error - INFO - shutdown:258 - Shutting down
2025-11-18 23:26:27 - uvicorn.error - INFO - shutdown:67 - Waiting for application shutdown.
2025-11-18 23:26:27 - chatbot_middleware - INFO - shutdown_event:85 - Encerrando Chatbot Middleware API...
2025-11-18 23:26:27 - uvicorn.error - INFO - shutdown:76 - Application shutdown complete.
2025-11-18 23:26:27 - uvicorn.error - INFO - _serve:92 - Finished server process [8548]
2025-11-18 23:26:29 - chatbot_middleware - INFO - configure_logging:91 - Sistema de logging configurado com nível: INFO
2025-11-18 23:26:29 - uvicorn.error - INFO - _serve:82 - Started server process [27220]
2025-11-18 23:26:29 - uvicorn.error - INFO - startup:48 - Waiting for application startup.
2025-11-18 23:26:29 - chatbot_middleware - INFO - startup_event:69 - Iniciando Chatbot Middleware API...
2025-11-18 23:26:29 - chatbot_middleware - INFO - startup_event:74 - Banco de dados inicializado com sucesso
2025-11-18 23:26:29 - chatbot_middleware - INFO - startup_event:78 - Chatbot Middleware API iniciada com sucesso!
2025-11-18 23:26:29 - uvicorn.error - INFO - startup:62 - Application startup complete.
2025-11-18 23:26:29 - chatbot_middleware - INFO - shutdown_event:85 - Encerrando Chatbot Middleware API...
2025-11-18 23:26:29 - uvicorn.error - ERROR - send:134 - Traceback (most recent call last):
  File "C:\Python313\Lib\asyncio\runners.py", line 118, in run
    return self._loop.run_until_complete(task)
           ~~~~~~~~~~~~~~~~~~~~~~~~~~~~~^^^^^^
  File "C:\Python313\Lib\asyncio\base_events.py", line 725, in run_until_complete
    return future.result()
           ~~~~~~~~~~~~~^^
asyncio.exceptions.CancelledError

During handling of the above exception, another exception occurred:

Traceback (most recent call last):
  File "C:\Python313\Lib\asyncio\runners.py", line 195, in run
    return runner.run(main)
           ~~~~~~~~~~^^^^^^
  File "C:\Python313\Lib\asyncio\runners.py", line 123, in run
    raise KeyboardInterrupt()
KeyboardInterrupt

During handling of the above exception, another exception occurred:

Traceback (most recent call last):
  File "D:\Projetos_repositorio\gitLabRepo\homebroker2025\homebroker-python\services\7_artificial_intelligence_service\venv\Lib\site-packages\starlette\routing.py", line 741, in lifespan
    await receive()
  File "D:\Projetos_repositorio\gitLabRepo\homebroker2025\homebroker-python\services\7_artificial_intelligence_service\venv\Lib\site-packages\uvicorn\lifespan\on.py", line 137, in receive
    return await self.receive_queue.get()
           ^^^^^^^^^^^^^^^^^^^^^^^^^^^^^^
  File "C:\Python313\Lib\asyncio\queues.py", line 186, in get
    await getter
asyncio.exceptions.CancelledError

2025-11-18 23:26:31 - chatbot_middleware - INFO - configure_logging:91 - Sistema de logging configurado com nível: INFO
2025-11-18 23:26:31 - uvicorn.error - INFO - _serve:82 - Started server process [26884]
2025-11-18 23:26:31 - uvicorn.error - INFO - startup:48 - Waiting for application startup.
2025-11-18 23:26:31 - chatbot_middleware - INFO - startup_event:69 - Iniciando Chatbot Middleware API...
2025-11-18 23:26:32 - chatbot_middleware - INFO - startup_event:74 - Banco de dados inicializado com sucesso
2025-11-18 23:26:32 - chatbot_middleware - INFO - startup_event:78 - Chatbot Middleware API iniciada com sucesso!
2025-11-18 23:26:32 - uvicorn.error - INFO - startup:62 - Application startup complete.
2025-11-18 23:26:49 - uvicorn.error - INFO - shutdown:258 - Shutting down
2025-11-18 23:26:49 - uvicorn.error - INFO - shutdown:67 - Waiting for application shutdown.
2025-11-18 23:26:49 - chatbot_middleware - INFO - shutdown_event:85 - Encerrando Chatbot Middleware API...
2025-11-18 23:26:49 - uvicorn.error - INFO - shutdown:76 - Application shutdown complete.
2025-11-18 23:26:49 - uvicorn.error - INFO - _serve:92 - Finished server process [27432]
2025-11-18 23:26:53 - chatbot_middleware - INFO - configure_logging:91 - Sistema de logging configurado com nível: INFO
2025-11-18 23:26:53 - uvicorn.error - INFO - _serve:82 - Started server process [33732]
2025-11-18 23:26:53 - uvicorn.error - INFO - startup:48 - Waiting for application startup.
2025-11-18 23:26:53 - chatbot_middleware - INFO - startup_event:69 - Iniciando Chatbot Middleware API...
2025-11-18 23:26:53 - chatbot_middleware - INFO - startup_event:74 - Banco de dados inicializado com sucesso
2025-11-18 23:26:53 - chatbot_middleware - INFO - startup_event:78 - Chatbot Middleware API iniciada com sucesso!
2025-11-18 23:26:53 - uvicorn.error - INFO - startup:62 - Application startup complete.
2025-11-18 23:26:53 - chatbot_middleware - INFO - shutdown_event:85 - Encerrando Chatbot Middleware API...
2025-11-18 23:26:53 - uvicorn.error - ERROR - send:134 - Traceback (most recent call last):
  File "C:\Python313\Lib\asyncio\runners.py", line 118, in run
    return self._loop.run_until_complete(task)
           ~~~~~~~~~~~~~~~~~~~~~~~~~~~~~^^^^^^
  File "C:\Python313\Lib\asyncio\base_events.py", line 725, in run_until_complete
    return future.result()
           ~~~~~~~~~~~~~^^
asyncio.exceptions.CancelledError

During handling of the above exception, another exception occurred:

Traceback (most recent call last):
  File "C:\Python313\Lib\asyncio\runners.py", line 195, in run
    return runner.run(main)
           ~~~~~~~~~~^^^^^^
  File "C:\Python313\Lib\asyncio\runners.py", line 123, in run
    raise KeyboardInterrupt()
KeyboardInterrupt

During handling of the above exception, another exception occurred:

Traceback (most recent call last):
  File "C:\Users\Adriano\AppData\Roaming\Python\Python313\site-packages\starlette\routing.py", line 741, in lifespan
    await receive()
  File "C:\Users\Adriano\AppData\Roaming\Python\Python313\site-packages\uvicorn\lifespan\on.py", line 137, in receive
    return await self.receive_queue.get()
           ^^^^^^^^^^^^^^^^^^^^^^^^^^^^^^
  File "C:\Python313\Lib\asyncio\queues.py", line 186, in get
    await getter
asyncio.exceptions.CancelledError

2025-11-18 23:26:56 - chatbot_middleware - INFO - configure_logging:91 - Sistema de logging configurado com nível: INFO
2025-11-18 23:26:56 - uvicorn.error - INFO - _serve:82 - Started server process [31968]
2025-11-18 23:26:56 - uvicorn.error - INFO - startup:48 - Waiting for application startup.
2025-11-18 23:26:56 - chatbot_middleware - INFO - startup_event:69 - Iniciando Chatbot Middleware API...
2025-11-18 23:26:56 - chatbot_middleware - INFO - startup_event:74 - Banco de dados inicializado com sucesso
2025-11-18 23:26:56 - chatbot_middleware - INFO - startup_event:78 - Chatbot Middleware API iniciada com sucesso!
2025-11-18 23:26:56 - uvicorn.error - INFO - startup:62 - Application startup complete.
2025-11-18 23:28:44 - uvicorn.error - ERROR - run_asgi:416 - Exception in ASGI application
Traceback (most recent call last):
  File "D:\Projetos_repositorio\gitLabRepo\homebroker2025\homebroker-python\services\7_artificial_intelligence_service\venv\Lib\site-packages\uvicorn\protocols\http\httptools_impl.py", line 411, in run_asgi
    result = await app(  # type: ignore[func-returns-value]
             ^^^^^^^^^^^^^^^^^^^^^^^^^^^^^^^^^^^^^^^^^^^^^^
        self.scope, self.receive, self.send
        ^^^^^^^^^^^^^^^^^^^^^^^^^^^^^^^^^^^
    )
    ^
  File "D:\Projetos_repositorio\gitLabRepo\homebroker2025\homebroker-python\services\7_artificial_intelligence_service\venv\Lib\site-packages\uvicorn\middleware\proxy_headers.py", line 69, in __call__
    return await self.app(scope, receive, send)
           ^^^^^^^^^^^^^^^^^^^^^^^^^^^^^^^^^^^^
  File "D:\Projetos_repositorio\gitLabRepo\homebroker2025\homebroker-python\services\7_artificial_intelligence_service\venv\Lib\site-packages\engineio\async_drivers\asgi.py", line 75, in __call__
    await self.other_asgi_app(scope, receive, send)
  File "D:\Projetos_repositorio\gitLabRepo\homebroker2025\homebroker-python\services\7_artificial_intelligence_service\venv\Lib\site-packages\fastapi\applications.py", line 1054, in __call__
    await super().__call__(scope, receive, send)
  File "D:\Projetos_repositorio\gitLabRepo\homebroker2025\homebroker-python\services\7_artificial_intelligence_service\venv\Lib\site-packages\starlette\applications.py", line 123, in __call__
    await self.middleware_stack(scope, receive, send)
  File "D:\Projetos_repositorio\gitLabRepo\homebroker2025\homebroker-python\services\7_artificial_intelligence_service\venv\Lib\site-packages\starlette\middleware\errors.py", line 186, in __call__
    raise exc
  File "D:\Projetos_repositorio\gitLabRepo\homebroker2025\homebroker-python\services\7_artificial_intelligence_service\venv\Lib\site-packages\starlette\middleware\errors.py", line 164, in __call__
    await self.app(scope, receive, _send)
  File "D:\Projetos_repositorio\gitLabRepo\homebroker2025\homebroker-python\services\7_artificial_intelligence_service\venv\Lib\site-packages\starlette\middleware\cors.py", line 85, in __call__
    await self.app(scope, receive, send)
  File "D:\Projetos_repositorio\gitLabRepo\homebroker2025\homebroker-python\services\7_artificial_intelligence_service\venv\Lib\site-packages\starlette\middleware\base.py", line 191, in __call__
    response = await self.dispatch_func(request, call_next)
               ^^^^^^^^^^^^^^^^^^^^^^^^^^^^^^^^^^^^^^^^^^^^
  File "D:\Projetos_repositorio\gitLabRepo\homebroker2025\homebroker-python\services\7_artificial_intelligence_service\middleware\tracking_middleware.py", line 75, in dispatch
    transaction = TransactionService.create_transaction(
        user_id=user_id,
    ...<4 lines>...
        endpoint=endpoint
    )
  File "D:\Projetos_repositorio\gitLabRepo\homebroker2025\homebroker-python\services\7_artificial_intelligence_service\services\transaction_service.py", line 63, in create_transaction
    db.commit()
    ~~~~~~~~~^^
  File "D:\Projetos_repositorio\gitLabRepo\homebroker2025\homebroker-python\services\7_artificial_intelligence_service\venv\Lib\site-packages\sqlalchemy\orm\session.py", line 2030, in commit
    trans.commit(_to_root=True)
    ~~~~~~~~~~~~^^^^^^^^^^^^^^^
  File "<string>", line 2, in commit
  File "D:\Projetos_repositorio\gitLabRepo\homebroker2025\homebroker-python\services\7_artificial_intelligence_service\venv\Lib\site-packages\sqlalchemy\orm\state_changes.py", line 137, in _go
    ret_value = fn(self, *arg, **kw)
  File "D:\Projetos_repositorio\gitLabRepo\homebroker2025\homebroker-python\services\7_artificial_intelligence_service\venv\Lib\site-packages\sqlalchemy\orm\session.py", line 1311, in commit
    self._prepare_impl()
    ~~~~~~~~~~~~~~~~~~^^
  File "<string>", line 2, in _prepare_impl
  File "D:\Projetos_repositorio\gitLabRepo\homebroker2025\homebroker-python\services\7_artificial_intelligence_service\venv\Lib\site-packages\sqlalchemy\orm\state_changes.py", line 137, in _go
    ret_value = fn(self, *arg, **kw)
  File "D:\Projetos_repositorio\gitLabRepo\homebroker2025\homebroker-python\services\7_artificial_intelligence_service\venv\Lib\site-packages\sqlalchemy\orm\session.py", line 1286, in _prepare_impl
    self.session.flush()
    ~~~~~~~~~~~~~~~~~~^^
  File "D:\Projetos_repositorio\gitLabRepo\homebroker2025\homebroker-python\services\7_artificial_intelligence_service\venv\Lib\site-packages\sqlalchemy\orm\session.py", line 4331, in flush
    self._flush(objects)
    ~~~~~~~~~~~^^^^^^^^^
  File "D:\Projetos_repositorio\gitLabRepo\homebroker2025\homebroker-python\services\7_artificial_intelligence_service\venv\Lib\site-packages\sqlalchemy\orm\session.py", line 4466, in _flush
    with util.safe_reraise():
         ~~~~~~~~~~~~~~~~~^^
  File "D:\Projetos_repositorio\gitLabRepo\homebroker2025\homebroker-python\services\7_artificial_intelligence_service\venv\Lib\site-packages\sqlalchemy\util\langhelpers.py", line 224, in __exit__
    raise exc_value.with_traceback(exc_tb)
  File "D:\Projetos_repositorio\gitLabRepo\homebroker2025\homebroker-python\services\7_artificial_intelligence_service\venv\Lib\site-packages\sqlalchemy\orm\session.py", line 4427, in _flush
    flush_context.execute()
    ~~~~~~~~~~~~~~~~~~~~~^^
  File "D:\Projetos_repositorio\gitLabRepo\homebroker2025\homebroker-python\services\7_artificial_intelligence_service\venv\Lib\site-packages\sqlalchemy\orm\unitofwork.py", line 466, in execute
    rec.execute(self)
    ~~~~~~~~~~~^^^^^^
  File "D:\Projetos_repositorio\gitLabRepo\homebroker2025\homebroker-python\services\7_artificial_intelligence_service\venv\Lib\site-packages\sqlalchemy\orm\unitofwork.py", line 642, in execute
    util.preloaded.orm_persistence.save_obj(
    ~~~~~~~~~~~~~~~~~~~~~~~~~~~~~~~~~~~~~~~^
        self.mapper,
        ^^^^^^^^^^^^
        uow.states_for_mapper_hierarchy(self.mapper, False, False),
        ^^^^^^^^^^^^^^^^^^^^^^^^^^^^^^^^^^^^^^^^^^^^^^^^^^^^^^^^^^^
        uow,
        ^^^^
    )
    ^
  File "D:\Projetos_repositorio\gitLabRepo\homebroker2025\homebroker-python\services\7_artificial_intelligence_service\venv\Lib\site-packages\sqlalchemy\orm\persistence.py", line 76, in save_obj
    for table, mapper in base_mapper._sorted_tables.items():
                         ^^^^^^^^^^^^^^^^^^^^^^^^^^
  File "D:\Projetos_repositorio\gitLabRepo\homebroker2025\homebroker-python\services\7_artificial_intelligence_service\venv\Lib\site-packages\sqlalchemy\util\langhelpers.py", line 1338, in __get__
    obj.__dict__[self.__name__] = result = self.fget(obj)
                                           ~~~~~~~~~^^^^^
  File "D:\Projetos_repositorio\gitLabRepo\homebroker2025\homebroker-python\services\7_artificial_intelligence_service\venv\Lib\site-packages\sqlalchemy\orm\mapper.py", line 4064, in _sorted_tables
    sorted_ = sql_util.sort_tables(
        table_to_mapper,
        skip_fn=skip,
        extra_dependencies=extra_dependencies,
    )
  File "D:\Projetos_repositorio\gitLabRepo\homebroker2025\homebroker-python\services\7_artificial_intelligence_service\venv\Lib\site-packages\sqlalchemy\sql\ddl.py", line 1318, in sort_tables
    for (t, fkcs) in sort_tables_and_constraints(
                     ~~~~~~~~~~~~~~~~~~~~~~~~~~~^
        tables,
        ^^^^^^^
    ...<2 lines>...
        _warn_for_cycles=True,
        ^^^^^^^^^^^^^^^^^^^^^^
    )
    ^
  File "D:\Projetos_repositorio\gitLabRepo\homebroker2025\homebroker-python\services\7_artificial_intelligence_service\venv\Lib\site-packages\sqlalchemy\sql\ddl.py", line 1388, in sort_tables_and_constraints
    filtered = filter_fn(fkc)
  File "D:\Projetos_repositorio\gitLabRepo\homebroker2025\homebroker-python\services\7_artificial_intelligence_service\venv\Lib\site-packages\sqlalchemy\sql\ddl.py", line 1308, in _skip_fn
    if fixed_skip_fn(fk):
       ~~~~~~~~~~~~~^^^^
  File "D:\Projetos_repositorio\gitLabRepo\homebroker2025\homebroker-python\services\7_artificial_intelligence_service\venv\Lib\site-packages\sqlalchemy\orm\mapper.py", line 4047, in skip
    dep = table_to_mapper.get(fk.column.table)
                              ^^^^^^^^^
  File "D:\Projetos_repositorio\gitLabRepo\homebroker2025\homebroker-python\services\7_artificial_intelligence_service\venv\Lib\site-packages\sqlalchemy\util\langhelpers.py", line 1226, in __get__
    obj.__dict__[self.__name__] = result = self.fget(obj)
                                           ~~~~~~~~~^^^^^
  File "D:\Projetos_repositorio\gitLabRepo\homebroker2025\homebroker-python\services\7_artificial_intelligence_service\venv\Lib\site-packages\sqlalchemy\sql\schema.py", line 3199, in column
    return self._resolve_column()
           ~~~~~~~~~~~~~~~~~~~~^^
  File "D:\Projetos_repositorio\gitLabRepo\homebroker2025\homebroker-python\services\7_artificial_intelligence_service\venv\Lib\site-packages\sqlalchemy\sql\schema.py", line 3222, in _resolve_column
    raise exc.NoReferencedTableError(
    ...<5 lines>...
    )
sqlalchemy.exc.NoReferencedTableError: Foreign key associated with column 'transactions.user_id' could not find table 'public.users' with which to generate a foreign key to target column 'id'
2025-11-18 23:31:29 - uvicorn.error - INFO - shutdown:258 - Shutting down
2025-11-18 23:31:29 - uvicorn.error - INFO - shutdown:67 - Waiting for application shutdown.
2025-11-18 23:31:29 - chatbot_middleware - INFO - shutdown_event:85 - Encerrando Chatbot Middleware API...
2025-11-18 23:31:29 - uvicorn.error - INFO - shutdown:76 - Application shutdown complete.
2025-11-18 23:31:29 - uvicorn.error - INFO - _serve:92 - Finished server process [26884]
2025-11-18 23:31:49 - uvicorn.error - INFO - shutdown:258 - Shutting down
2025-11-18 23:31:49 - uvicorn.error - INFO - shutdown:67 - Waiting for application shutdown.
2025-11-18 23:31:49 - chatbot_middleware - INFO - shutdown_event:85 - Encerrando Chatbot Middleware API...
2025-11-18 23:31:49 - uvicorn.error - INFO - shutdown:76 - Application shutdown complete.
2025-11-18 23:31:49 - uvicorn.error - INFO - _serve:92 - Finished server process [31968]
2025-11-18 23:49:13 - chatbot_middleware - INFO - configure_logging:91 - Sistema de logging configurado com nível: INFO
2025-11-18 23:49:13 - uvicorn.error - INFO - _serve:82 - Started server process [5972]
2025-11-18 23:49:13 - uvicorn.error - INFO - startup:48 - Waiting for application startup.
2025-11-18 23:49:13 - chatbot_middleware - INFO - startup_event:69 - Iniciando Chatbot Middleware API...
2025-11-18 23:49:13 - chatbot_middleware - INFO - startup_event:74 - Versão do openai: 1.0.1
2025-11-18 23:49:14 - chatbot_middleware - INFO - startup_event:82 - Banco de dados inicializado com sucesso
2025-11-18 23:49:14 - chatbot_middleware - INFO - startup_event:86 - Chatbot Middleware API iniciada com sucesso!
2025-11-18 23:49:14 - uvicorn.error - INFO - startup:62 - Application startup complete.
2025-11-18 23:49:14 - chatbot_middleware - INFO - shutdown_event:93 - Encerrando Chatbot Middleware API...
2025-11-18 23:49:14 - uvicorn.error - ERROR - send:134 - Traceback (most recent call last):
  File "C:\Python313\Lib\asyncio\runners.py", line 118, in run
    return self._loop.run_until_complete(task)
           ~~~~~~~~~~~~~~~~~~~~~~~~~~~~~^^^^^^
  File "C:\Python313\Lib\asyncio\base_events.py", line 725, in run_until_complete
    return future.result()
           ~~~~~~~~~~~~~^^
asyncio.exceptions.CancelledError

During handling of the above exception, another exception occurred:

Traceback (most recent call last):
  File "C:\Python313\Lib\asyncio\runners.py", line 195, in run
    return runner.run(main)
           ~~~~~~~~~~^^^^^^
  File "C:\Python313\Lib\asyncio\runners.py", line 123, in run
    raise KeyboardInterrupt()
KeyboardInterrupt

During handling of the above exception, another exception occurred:

Traceback (most recent call last):
  File "C:\Users\Adriano\AppData\Roaming\Python\Python313\site-packages\starlette\routing.py", line 741, in lifespan
    await receive()
  File "C:\Users\Adriano\AppData\Roaming\Python\Python313\site-packages\uvicorn\lifespan\on.py", line 137, in receive
    return await self.receive_queue.get()
           ^^^^^^^^^^^^^^^^^^^^^^^^^^^^^^
  File "C:\Python313\Lib\asyncio\queues.py", line 186, in get
    await getter
asyncio.exceptions.CancelledError

2025-11-18 23:49:18 - chatbot_middleware - INFO - configure_logging:91 - Sistema de logging configurado com nível: INFO
2025-11-18 23:49:18 - uvicorn.error - INFO - _serve:82 - Started server process [26612]
2025-11-18 23:49:18 - uvicorn.error - INFO - startup:48 - Waiting for application startup.
2025-11-18 23:49:18 - chatbot_middleware - INFO - startup_event:69 - Iniciando Chatbot Middleware API...
2025-11-18 23:49:18 - chatbot_middleware - INFO - startup_event:74 - Versão do openai: 1.0.1
2025-11-18 23:49:18 - chatbot_middleware - INFO - startup_event:82 - Banco de dados inicializado com sucesso
2025-11-18 23:49:18 - chatbot_middleware - INFO - startup_event:86 - Chatbot Middleware API iniciada com sucesso!
2025-11-18 23:49:18 - uvicorn.error - INFO - startup:62 - Application startup complete.
2025-11-18 23:54:14 - uvicorn.error - INFO - shutdown:258 - Shutting down
2025-11-18 23:54:14 - uvicorn.error - INFO - shutdown:67 - Waiting for application shutdown.
2025-11-18 23:54:14 - chatbot_middleware - INFO - shutdown_event:93 - Encerrando Chatbot Middleware API...
2025-11-18 23:54:14 - uvicorn.error - INFO - shutdown:76 - Application shutdown complete.
2025-11-18 23:54:14 - uvicorn.error - INFO - _serve:92 - Finished server process [26612]
2025-11-18 23:54:19 - chatbot_middleware - INFO - configure_logging:91 - Sistema de logging configurado com nível: INFO
2025-11-18 23:54:19 - uvicorn.error - INFO - _serve:82 - Started server process [22768]
2025-11-18 23:54:19 - uvicorn.error - INFO - startup:48 - Waiting for application startup.
2025-11-18 23:54:19 - chatbot_middleware - INFO - startup_event:69 - Iniciando Chatbot Middleware API...
2025-11-18 23:54:19 - chatbot_middleware - INFO - startup_event:74 - Versão do openai: 1.0.1
2025-11-18 23:54:19 - chatbot_middleware - INFO - startup_event:82 - Banco de dados inicializado com sucesso
2025-11-18 23:54:19 - chatbot_middleware - INFO - startup_event:86 - Chatbot Middleware API iniciada com sucesso!
2025-11-18 23:54:19 - uvicorn.error - INFO - startup:62 - Application startup complete.
2025-11-18 23:54:19 - chatbot_middleware - INFO - shutdown_event:93 - Encerrando Chatbot Middleware API...
2025-11-18 23:54:19 - uvicorn.error - ERROR - send:134 - Traceback (most recent call last):
  File "C:\Python313\Lib\asyncio\runners.py", line 118, in run
    return self._loop.run_until_complete(task)
           ~~~~~~~~~~~~~~~~~~~~~~~~~~~~~^^^^^^
  File "C:\Python313\Lib\asyncio\base_events.py", line 725, in run_until_complete
    return future.result()
           ~~~~~~~~~~~~~^^
asyncio.exceptions.CancelledError

During handling of the above exception, another exception occurred:

Traceback (most recent call last):
  File "C:\Python313\Lib\asyncio\runners.py", line 195, in run
    return runner.run(main)
           ~~~~~~~~~~^^^^^^
  File "C:\Python313\Lib\asyncio\runners.py", line 123, in run
    raise KeyboardInterrupt()
KeyboardInterrupt

During handling of the above exception, another exception occurred:

Traceback (most recent call last):
  File "C:\Users\Adriano\AppData\Roaming\Python\Python313\site-packages\starlette\routing.py", line 741, in lifespan
    await receive()
  File "C:\Users\Adriano\AppData\Roaming\Python\Python313\site-packages\uvicorn\lifespan\on.py", line 137, in receive
    return await self.receive_queue.get()
           ^^^^^^^^^^^^^^^^^^^^^^^^^^^^^^
  File "C:\Python313\Lib\asyncio\queues.py", line 186, in get
    await getter
asyncio.exceptions.CancelledError

2025-11-18 23:54:24 - chatbot_middleware - INFO - configure_logging:91 - Sistema de logging configurado com nível: INFO
2025-11-18 23:54:24 - uvicorn.error - INFO - _serve:82 - Started server process [31800]
2025-11-18 23:54:24 - uvicorn.error - INFO - startup:48 - Waiting for application startup.
2025-11-18 23:54:24 - chatbot_middleware - INFO - startup_event:69 - Iniciando Chatbot Middleware API...
2025-11-18 23:54:24 - chatbot_middleware - INFO - startup_event:74 - Versão do openai: 1.0.1
2025-11-18 23:54:24 - chatbot_middleware - INFO - startup_event:82 - Banco de dados inicializado com sucesso
2025-11-18 23:54:24 - chatbot_middleware - INFO - startup_event:86 - Chatbot Middleware API iniciada com sucesso!
2025-11-18 23:54:24 - uvicorn.error - INFO - startup:62 - Application startup complete.
2025-11-18 23:59:19 - uvicorn.error - INFO - shutdown:258 - Shutting down
2025-11-18 23:59:19 - uvicorn.error - INFO - shutdown:67 - Waiting for application shutdown.
2025-11-18 23:59:19 - chatbot_middleware - INFO - shutdown_event:93 - Encerrando Chatbot Middleware API...
2025-11-18 23:59:19 - uvicorn.error - INFO - shutdown:76 - Application shutdown complete.
2025-11-18 23:59:19 - uvicorn.error - INFO - _serve:92 - Finished server process [31800]
2025-11-18 23:59:25 - chatbot_middleware - INFO - configure_logging:91 - Sistema de logging configurado com nível: INFO
2025-11-18 23:59:25 - uvicorn.error - INFO - _serve:82 - Started server process [19772]
2025-11-18 23:59:25 - uvicorn.error - INFO - startup:48 - Waiting for application startup.
2025-11-18 23:59:25 - chatbot_middleware - INFO - startup_event:69 - Iniciando Chatbot Middleware API...
2025-11-18 23:59:25 - chatbot_middleware - INFO - startup_event:74 - Versão do openai: 1.0.1
2025-11-18 23:59:25 - chatbot_middleware - INFO - startup_event:82 - Banco de dados inicializado com sucesso
2025-11-18 23:59:25 - chatbot_middleware - INFO - startup_event:86 - Chatbot Middleware API iniciada com sucesso!
2025-11-18 23:59:25 - uvicorn.error - INFO - startup:62 - Application startup complete.
2025-11-19 00:34:30 - uvicorn.error - INFO - shutdown:258 - Shutting down
2025-11-19 00:34:30 - uvicorn.error - INFO - shutdown:67 - Waiting for application shutdown.
2025-11-19 00:34:30 - chatbot_middleware - INFO - shutdown_event:93 - Encerrando Chatbot Middleware API...
2025-11-19 00:34:30 - uvicorn.error - INFO - shutdown:76 - Application shutdown complete.
2025-11-19 00:34:30 - uvicorn.error - INFO - _serve:92 - Finished server process [19772]
